2025-03-21 23:36:04,4.8,6.6,65.4
2025-03-21 23:36:31,6.5,6.5,65.4
2025-03-21 23:40:47,6.5,7.7,65.4
2025-03-21 23:45:10,5.3,6.5,65.4
2025-03-21 23:47:27,5.3,6.6,65.4
2025-03-21 23:54:31,5.3,6.5,65.4
2025-03-22 01:05:48,5.3,6.4,65.4
2025-03-22 02:33:02,4.0,6.6,65.4
2025-03-22 03:16:47,2.7,6.6,65.4
2025-03-22 03:45:01,4.5,6.4,65.4
2025-03-22 03:54:32,6.0,6.5,65.4
2025-03-22 04:16:30,6.0,6.4,65.4
2025-03-22 04:38:08,4.0,6.4,65.4
2025-03-22 04:49:54,5.3,6.5,65.4
2025-03-22 04:59:15,3.7,6.5,65.4
2025-03-22 05:11:18,5.0,6.5,65.4
2025-03-22 05:22:13,4.7,6.6,65.4
2025-03-22 05:36:59,5.0,6.5,65.4
2025-03-22 05:45:54,5.5,6.5,65.4
2025-03-22 05:55:14,6.2,6.6,65.4
2025-03-22 06:19:54,5.3,6.6,65.4
2025-03-22 06:40:00,6.0,6.8,65.4
2025-03-22 06:49:48,4.0,6.6,65.4
2025-03-22 06:58:54,5.3,6.7,65.4
2025-03-22 07:20:49,5.5,6.4,65.4
2025-03-22 07:30:05,5.3,6.6,65.4
2025-03-22 07:39:35,5.2,6.6,65.4
2025-03-22 07:48:55,5.3,6.3,65.4
2025-03-22 07:58:01,4.8,7.3,65.4
2025-03-22 08:24:45,5.0,6.6,65.4
2025-03-22 08:39:38,4.0,6.4,65.4
2025-03-22 08:48:57,4.3,6.5,65.4
2025-03-22 08:58:14,5.5,6.4,65.4
2025-03-22 09:21:20,6.3,6.5,65.4
2025-03-22 09:31:56,5.5,6.7,65.4
2025-03-22 09:41:18,5.5,6.6,65.4
2025-03-22 09:50:34,5.8,6.4,65.4
2025-03-22 09:59:24,6.5,6.4,65.4
2025-03-22 10:25:26,4.8,6.7,65.4
2025-03-22 10:41:40,5.5,6.5,65.4
2025-03-22 10:50:43,5.2,6.7,65.4
2025-03-22 11:00:05,5.7,6.5,65.4
2025-03-22 11:19:04,5.3,6.3,65.4
2025-03-22 11:28:17,6.8,6.4,65.4
2025-03-22 11:38:48,4.2,6.5,65.4
2025-03-22 11:48:09,7.2,6.6,65.4
2025-03-22 11:57:30,4.8,6.3,65.4
2025-03-22 12:36:11,5.0,6.6,65.4
2025-03-22 13:00:18,5.0,6.5,65.4
2025-03-22 13:25:38,4.5,6.5,65.4
2025-03-22 13:36:35,5.3,6.9,65.4
2025-03-22 13:45:57,3.5,6.6,65.4
2025-03-22 13:54:50,9.0,6.4,65.4
2025-03-22 14:13:37,5.2,6.4,65.4
2025-03-22 14:30:46,5.0,6.5,65.4
2025-03-22 14:41:06,7.0,6.5,65.4
2025-03-22 14:50:19,6.5,6.6,65.4
2025-03-22 14:59:17,7.0,6.7,65.4
2025-03-22 15:22:14,5.2,6.4,65.4
2025-03-22 15:32:27,5.0,7.9,65.4
2025-03-22 15:41:40,7.2,6.7,65.4
2025-03-22 15:50:50,5.5,6.6,65.4
2025-03-22 16:00:08,5.5,6.5,65.4
2025-03-22 16:27:42,5.0,6.3,65.4
2025-03-22 16:42:12,5.7,6.4,65.4
2025-03-22 16:51:29,4.8,7.2,65.4
2025-03-22 17:02:07,3.5,6.7,65.4
2025-03-22 17:21:19,5.0,6.3,65.4
2025-03-22 17:31:05,7.0,6.5,65.4
2025-03-22 17:40:08,5.5,6.7,65.4
2025-03-22 17:49:14,6.3,6.8,65.4
2025-03-22 17:58:33,5.0,6.4,65.4
2025-03-22 18:28:04,5.0,6.5,65.4
2025-03-22 18:43:09,6.2,6.5,65.4
2025-03-22 18:52:13,4.7,6.7,65.4
2025-03-22 19:06:25,4.2,6.8,65.4
2025-03-22 19:21:16,5.7,6.6,65.4
2025-03-22 19:30:20,5.3,6.5,65.4
2025-03-22 19:39:17,5.0,6.5,65.4
2025-03-22 19:48:28,10.0,6.6,65.4
2025-03-22 19:57:28,5.3,6.6,65.4
2025-03-22 20:20:04,5.3,6.6,65.4
2025-03-22 20:31:56,4.5,6.8,65.4
2025-03-22 20:41:38,6.5,6.5,65.4
2025-03-22 20:50:49,5.5,6.6,65.4
2025-03-22 20:59:45,5.3,6.4,65.4
2025-03-22 21:21:10,7.0,6.6,65.4
2025-03-22 21:30:20,5.2,6.4,65.4
2025-03-22 21:39:34,4.7,6.5,65.4
2025-03-22 21:48:48,3.8,6.7,65.4
2025-03-22 21:57:54,5.2,6.6,65.4
2025-03-22 22:18:23,6.0,6.4,65.4
2025-03-22 22:33:00,4.5,6.6,65.4
2025-03-22 22:42:49,6.8,6.7,65.4
2025-03-22 22:52:02,4.8,6.4,65.4
2025-03-22 23:07:39,5.0,6.3,65.4
2025-03-22 23:25:29,5.3,6.3,65.4
2025-03-22 23:35:55,5.5,6.4,65.4
2025-03-22 23:44:51,5.8,6.5,65.4
2025-03-22 23:53:48,6.3,6.4,65.4
2025-03-23 01:04:20,6.0,6.7,65.4
2025-03-23 02:41:11,5.5,6.5,65.4
2025-03-23 03:23:25,3.5,6.4,65.4
2025-03-23 03:45:41,4.2,6.6,65.4
2025-03-23 03:54:51,5.7,6.5,65.4
2025-03-23 04:16:57,4.5,6.6,65.4
2025-03-23 04:35:31,3.7,6.6,65.4
2025-03-23 04:45:29,5.2,6.5,65.4
2025-03-23 04:54:38,5.5,6.6,65.4
2025-03-23 05:13:13,5.8,6.8,65.4
2025-03-23 05:30:52,6.5,6.5,65.4
2025-03-23 05:41:23,5.5,6.3,65.4
2025-03-23 05:50:37,5.8,6.6,65.4
2025-03-23 05:59:36,4.8,6.6,65.4
2025-03-23 06:31:54,4.2,6.4,65.4
2025-03-23 06:45:57,6.5,6.4,65.4
2025-03-23 06:55:00,5.5,6.7,65.4
2025-03-23 07:12:58,5.0,6.5,65.4
2025-03-23 07:28:09,7.0,6.3,65.4
2025-03-23 07:38:18,5.0,7.1,65.4
2025-03-23 07:47:29,5.5,6.6,65.4
2025-03-23 07:56:27,7.3,6.7,65.4
2025-03-23 08:21:15,4.7,6.6,65.4
2025-03-23 08:38:06,4.8,6.4,65.4
2025-03-23 08:48:03,5.0,6.5,65.4
2025-03-23 08:57:16,5.0,6.4,65.4
2025-03-23 09:18:30,5.5,6.4,65.4
2025-03-23 09:30:12,5.5,6.3,65.4
2025-03-23 09:39:52,4.8,6.4,65.4
2025-03-23 09:49:04,6.2,6.5,65.4
2025-03-23 09:58:13,5.3,6.7,65.4
2025-03-23 10:20:49,5.8,6.4,65.4
2025-03-23 10:36:34,6.0,6.5,65.4
2025-03-23 10:45:39,5.5,6.4,65.4
2025-03-23 10:54:34,5.2,6.2,65.4
2025-03-23 11:12:02,4.8,6.5,65.4
2025-03-23 11:25:37,4.0,6.2,65.4
2025-03-23 11:35:46,5.2,7.8,65.4
2025-03-23 11:44:44,14.3,6.6,65.4
2025-03-23 11:53:56,5.2,6.5,65.4
2025-03-23 12:22:09,5.5,6.6,65.4
2025-03-23 12:53:51,7.0,6.6,65.4
2025-03-23 13:17:15,3.5,6.2,65.4
2025-03-23 13:32:18,5.5,6.6,65.4
2025-03-23 13:41:14,4.5,6.4,65.4
2025-03-23 13:50:22,3.7,7.2,65.4
2025-03-23 13:59:25,7.0,6.6,65.4
2025-03-23 14:20:21,4.5,6.6,65.4
2025-03-23 14:32:30,7.7,6.5,65.4
2025-03-23 14:41:54,3.7,6.5,65.4
2025-03-23 14:51:01,4.8,6.4,65.4
2025-03-23 15:00:10,4.3,6.6,65.4
2025-03-23 15:24:09,8.5,6.5,65.4
2025-03-23 15:35:33,6.0,6.5,65.4
2025-03-23 15:44:36,4.7,6.5,65.4
2025-03-23 15:53:59,3.3,6.3,65.4
2025-03-23 16:13:48,7.3,6.7,65.4
2025-03-23 16:35:03,5.2,6.2,65.4
2025-03-23 16:46:05,14.8,6.8,65.4
2025-03-23 16:55:21,5.5,6.5,65.4
2025-03-23 17:12:21,3.7,6.5,65.4
2025-03-23 17:28:49,7.0,6.5,65.4
2025-03-23 17:38:59,4.3,6.3,65.4
2025-03-23 17:47:48,6.0,6.6,65.4
2025-03-23 17:57:02,3.8,6.5,65.4
2025-03-23 18:25:07,5.0,6.5,65.4
2025-03-23 18:41:56,6.2,6.4,65.4
2025-03-23 18:50:48,5.7,6.2,65.4
2025-03-23 18:59:52,8.2,6.6,65.4
2025-03-23 19:19:02,7.2,6.6,65.4
2025-03-23 19:28:07,6.7,6.5,65.4
2025-03-23 19:38:02,4.8,6.7,65.4
2025-03-23 19:47:27,3.5,6.6,65.4
2025-03-23 19:56:36,6.2,6.6,65.4
2025-03-23 20:18:21,6.3,6.3,65.4
2025-03-23 20:33:16,4.8,6.4,65.4
2025-03-23 20:44:07,9.3,6.6,65.4
2025-03-23 20:53:29,4.5,6.6,65.4
2025-03-23 21:10:03,4.8,7.3,65.4
2025-03-23 21:25:34,4.8,6.3,65.4
2025-03-23 21:35:51,5.0,6.4,65.4
2025-03-23 21:44:57,5.8,6.6,65.4
2025-03-23 21:53:57,6.2,6.6,65.4
2025-03-23 22:12:27,5.7,6.5,65.4
2025-03-23 22:32:06,3.3,6.4,65.4
2025-03-23 22:43:32,4.8,6.5,65.4
2025-03-23 22:52:45,5.0,6.7,65.4
2025-03-23 23:08:56,7.0,6.7,65.4
2025-03-23 23:25:19,4.5,6.5,65.4
2025-03-23 23:36:51,5.3,7.7,65.4
2025-03-23 23:45:54,6.3,6.6,65.4
2025-03-23 23:55:06,5.3,6.4,65.4
2025-03-24 01:14:09,5.0,6.5,65.4
2025-03-24 02:43:25,4.8,6.6,65.5
2025-03-24 03:25:21,5.0,6.7,65.4
2025-03-24 03:48:20,5.2,7.5,65.4
2025-03-24 03:57:23,5.5,6.4,65.4
2025-03-24 04:25:54,5.0,6.2,65.4
2025-03-24 04:43:12,5.3,6.4,65.4
2025-03-24 04:52:26,5.3,6.4,65.4
2025-03-24 05:10:46,4.8,6.5,65.4
2025-03-24 05:31:32,4.5,6.5,65.4
2025-03-24 05:43:08,4.5,6.4,65.4
2025-03-24 05:52:27,5.3,6.8,65.4
2025-03-24 06:14:58,3.0,6.2,65.4
2025-03-24 06:42:18,3.5,6.9,65.4
2025-03-24 06:53:34,5.2,6.4,65.4
2025-03-24 07:13:01,6.7,6.6,65.4
2025-03-24 07:30:36,5.0,6.4,65.4
2025-03-24 07:41:51,5.5,6.6,65.4
2025-03-24 07:50:50,5.0,6.5,65.4
2025-03-24 07:59:46,4.8,6.5,65.4
2025-03-24 08:32:51,4.0,6.6,65.4
2025-03-24 08:48:49,4.7,6.4,65.4
2025-03-24 08:57:52,3.8,6.4,65.4
2025-03-24 09:24:02,6.5,6.6,65.4
2025-03-24 09:38:33,5.7,6.5,65.4
2025-03-24 09:47:43,4.3,6.4,65.4
2025-03-24 09:56:59,6.2,6.6,65.4
2025-03-24 10:21:26,5.5,6.8,65.4
2025-03-24 10:40:45,5.5,6.6,65.4
2025-03-24 10:50:25,5.5,6.6,65.4
2025-03-24 10:59:44,6.2,6.7,65.4
2025-03-24 11:20:36,5.2,6.4,65.4
2025-03-24 11:29:57,4.2,6.4,65.4
2025-03-24 11:39:54,6.8,6.7,65.4
2025-03-24 11:49:08,4.5,6.5,65.4
2025-03-24 11:58:15,5.2,6.6,65.4
2025-03-24 12:46:03,5.0,6.5,65.4
2025-03-24 13:16:43,5.0,6.4,65.4
2025-03-24 13:40:18,5.3,6.6,65.4
2025-03-24 13:49:41,5.3,6.6,65.4
2025-03-24 13:59:07,6.0,6.5,65.4
2025-03-24 14:24:09,5.3,6.5,65.4
2025-03-24 14:41:44,6.2,6.3,65.4
2025-03-24 14:50:57,5.3,6.6,65.4
2025-03-24 14:59:56,5.0,6.4,65.4
2025-03-24 15:27:21,4.3,6.3,65.4
2025-03-24 15:41:31,5.5,6.4,65.4
2025-03-24 15:50:47,4.2,6.4,65.4
2025-03-24 15:59:44,5.2,6.5,65.4
2025-03-24 16:32:27,4.0,6.3,65.4
2025-03-24 16:50:00,6.2,6.6,65.4
2025-03-24 16:59:06,4.2,6.7,65.4
2025-03-24 17:22:11,5.5,6.7,65.4
2025-03-24 17:36:57,4.2,6.6,65.4
2025-03-24 17:46:05,5.2,6.3,65.4
2025-03-24 17:55:15,5.5,6.7,65.4
2025-03-24 18:22:03,3.7,6.4,65.4
2025-03-24 18:44:05,5.5,7.6,65.4
2025-03-24 18:54:12,4.8,6.5,65.4
2025-03-24 19:10:39,4.3,6.7,65.4
2025-03-24 19:24:15,5.3,6.6,65.4
2025-03-24 19:35:22,7.2,6.7,65.4
2025-03-24 19:44:37,3.8,6.5,65.4
2025-03-24 19:53:57,4.8,6.4,65.4
2025-03-24 20:12:49,4.0,6.5,65.4
2025-03-24 20:30:08,5.5,6.5,65.4
2025-03-24 20:42:24,3.5,6.5,65.4
2025-03-24 20:51:44,4.0,7.1,65.4
2025-03-24 21:07:28,5.7,6.6,65.4
2025-03-24 21:25:49,5.3,6.4,65.4
2025-03-24 21:36:17,6.5,6.7,65.4
2025-03-24 21:45:19,5.0,6.4,65.4
2025-03-24 21:54:23,4.8,6.4,65.4
2025-03-24 22:13:20,5.0,6.9,65.4
2025-03-24 22:33:17,5.5,6.4,65.4
2025-03-24 22:43:53,5.2,6.5,65.4
2025-03-24 22:53:06,5.8,6.7,65.4
2025-03-24 23:10:37,3.5,6.6,65.4
2025-03-24 23:29:14,6.0,6.3,65.4
2025-03-24 23:40:54,5.3,6.4,65.4
2025-03-24 23:50:03,4.8,6.6,65.4
2025-03-24 23:59:17,4.8,6.3,65.4
2025-03-25 01:57:05,4.2,6.4,65.4
2025-03-25 02:59:21,6.3,6.8,65.4
2025-03-25 03:34:45,4.7,6.4,65.4
2025-03-25 03:51:28,5.8,6.5,65.4
2025-03-25 04:10:07,5.0,6.5,65.4
2025-03-25 04:35:14,5.7,6.7,65.4
2025-03-25 04:49:25,6.0,6.7,65.4
2025-03-25 04:58:30,5.3,6.5,65.4
2025-03-25 05:22:39,5.0,6.6,65.4
2025-03-25 05:38:15,6.8,6.6,65.4
2025-03-25 05:47:40,5.5,6.7,65.4
2025-03-25 05:56:40,5.0,6.5,65.4
2025-03-25 06:27:14,6.0,6.3,65.4
2025-03-25 06:47:28,5.3,6.5,65.4
2025-03-25 06:56:40,4.8,6.6,65.4
2025-03-25 07:20:01,6.2,6.7,65.4
2025-03-25 07:33:14,4.8,6.4,65.4
2025-03-25 07:42:25,5.5,6.4,65.4
2025-03-25 07:51:25,4.8,6.5,65.4
2025-03-25 08:10:55,4.8,6.7,65.4
2025-03-25 08:34:51,8.5,6.6,65.4
2025-03-25 08:49:52,3.3,6.5,65.4
2025-03-25 08:59:02,5.3,6.4,65.4
2025-03-25 09:26:03,3.8,6.7,65.4
2025-03-25 09:39:43,5.3,6.7,65.4
2025-03-25 09:49:05,6.2,6.6,65.4
2025-03-25 09:58:20,6.0,6.5,65.4
2025-03-25 10:24:59,5.0,6.4,65.4
2025-03-25 10:43:00,4.8,6.7,65.4
2025-03-25 10:52:12,4.3,6.5,65.4
2025-03-25 11:08:01,6.5,6.4,65.4
2025-03-25 11:25:37,5.3,6.4,65.4
2025-03-25 11:36:18,5.0,6.5,65.4
2025-03-25 11:45:14,5.2,6.4,65.4
2025-03-25 11:54:36,5.3,7.2,65.4
2025-03-25 12:28:16,4.8,6.6,65.4
2025-03-25 13:02:55,5.2,6.5,65.4
2025-03-25 13:33:30,5.2,6.5,65.4
2025-03-25 13:45:25,4.7,6.6,65.4
2025-03-25 13:54:22,5.5,7.2,65.4
2025-03-25 14:14:27,5.5,6.5,65.4
2025-03-25 14:37:31,6.5,6.6,65.4
2025-03-25 14:49:23,4.0,6.4,65.4
2025-03-25 14:58:49,4.8,6.4,65.4
2025-03-25 15:26:30,5.5,6.5,65.4
2025-03-25 15:41:47,5.5,6.3,65.4
2025-03-25 15:50:53,5.5,6.4,65.4
2025-03-25 15:59:54,5.2,6.6,65.4
2025-03-25 16:29:54,3.5,6.5,65.4
2025-03-25 16:47:28,6.8,6.4,65.4
2025-03-25 16:56:40,5.3,6.5,65.4
2025-03-25 17:16:55,6.0,6.5,65.4
2025-03-25 17:33:50,5.0,6.8,65.4
2025-03-25 17:43:56,4.0,6.7,65.4
2025-03-25 17:53:14,6.2,6.8,65.4
2025-03-25 18:15:39,5.5,6.6,65.4
2025-03-25 18:41:48,5.0,7.2,65.4
2025-03-25 18:52:59,6.7,6.7,65.4
2025-03-25 19:09:02,7.0,6.6,65.4
2025-03-25 19:23:23,7.8,6.5,65.4
2025-03-25 19:34:06,5.8,6.4,65.4
2025-03-25 19:43:02,4.5,6.4,65.4
2025-03-25 19:52:08,4.7,6.5,65.4
2025-03-25 20:10:02,5.0,6.6,65.4
2025-03-25 20:30:38,5.0,6.6,65.4
2025-03-25 20:43:27,5.2,6.6,65.4
2025-03-25 20:52:35,6.7,6.4,65.4
2025-03-25 21:09:09,3.3,6.5,65.4
2025-03-25 21:26:37,4.8,6.5,65.4
2025-03-25 21:37:10,6.0,6.6,65.4
2025-03-25 21:46:15,4.8,6.4,65.4
2025-03-25 21:55:26,4.3,6.6,65.4
2025-03-25 22:16:02,5.7,6.6,65.4
2025-03-25 22:35:02,5.5,6.7,65.4
2025-03-25 22:44:45,7.0,6.3,65.4
2025-03-25 22:53:46,3.8,6.4,65.4
2025-03-25 23:11:28,5.5,6.4,65.4
2025-03-25 23:27:42,6.8,6.7,65.4
2025-03-25 23:38:47,5.2,6.7,65.4
2025-03-25 23:48:14,3.7,6.6,65.4
2025-03-25 23:57:18,5.5,6.5,65.4
2025-03-26 01:38:47,5.5,6.6,65.4
2025-03-26 02:48:34,5.0,7.2,65.4
2025-03-26 03:21:44,4.7,6.6,65.4
2025-03-26 03:44:51,5.3,6.7,65.4
2025-03-26 03:54:30,5.0,6.4,65.4
2025-03-26 04:16:58,4.7,6.5,65.4
2025-03-26 04:37:14,5.0,7.3,65.4
2025-03-26 04:48:22,5.5,6.5,65.4
2025-03-26 04:57:24,4.5,6.5,65.4
2025-03-26 05:19:35,4.3,6.6,65.4
2025-03-26 05:37:00,5.0,6.5,65.4
2025-03-26 05:46:34,4.0,6.6,65.4
2025-03-26 05:55:47,5.5,6.4,65.4
2025-03-26 06:23:40,5.0,6.5,65.4
2025-03-26 06:44:26,5.8,6.5,65.4
2025-03-26 06:54:13,5.3,6.6,65.4
2025-03-26 07:13:18,5.0,6.4,65.4
2025-03-26 07:29:08,5.5,6.5,65.4
2025-03-26 07:40:26,5.2,6.7,65.4
2025-03-26 07:49:31,5.0,6.5,65.4
2025-03-26 07:58:30,6.5,6.7,65.4
2025-03-26 08:30:34,7.0,6.5,65.4
2025-03-26 08:48:06,5.7,6.5,65.4
2025-03-26 08:57:17,5.0,6.7,65.4
2025-03-26 09:21:50,4.0,6.5,65.4
2025-03-26 09:37:21,5.2,6.6,65.4
2025-03-26 09:46:40,5.0,6.3,65.4
2025-03-26 09:55:56,5.0,6.6,65.4
2025-03-26 10:18:17,8.0,6.4,65.4
2025-03-26 10:39:41,6.3,6.5,65.4
2025-03-26 10:50:05,4.7,6.4,65.4
2025-03-26 10:59:27,5.0,6.3,65.4
2025-03-26 11:19:53,3.7,6.6,65.4
2025-03-26 11:29:22,6.3,6.5,65.4
2025-03-26 11:39:21,3.8,6.6,65.4
2025-03-26 11:48:36,4.5,6.5,65.4
2025-03-26 11:57:33,5.8,6.5,65.4
2025-03-26 12:41:05,6.3,6.5,65.4
2025-03-26 13:15:01,5.3,6.4,65.4
2025-03-26 13:39:02,6.0,6.6,65.4
2025-03-26 13:49:35,5.2,6.4,65.4
2025-03-26 13:58:34,4.8,6.6,65.4
2025-03-26 14:23:03,8.8,6.6,65.4
2025-03-26 14:40:56,5.3,6.4,65.4
2025-03-26 14:51:24,4.3,6.5,65.4
2025-03-26 15:00:58,4.3,6.6,65.4
2025-03-26 15:28:04,3.8,6.4,65.4
2025-03-26 15:43:19,4.7,6.4,65.4
2025-03-26 15:52:32,5.0,6.5,65.4
2025-03-26 16:13:16,5.0,6.7,65.4
2025-03-26 16:41:10,6.2,6.5,65.4
2025-03-26 16:54:12,5.2,6.5,65.4
2025-03-26 17:12:19,5.2,6.5,65.4
2025-03-26 17:31:22,5.0,6.4,65.4
2025-03-26 17:42:47,5.5,6.5,65.4
2025-03-26 17:51:58,6.5,6.5,65.4
2025-03-26 18:12:43,6.2,6.6,65.4
2025-03-26 18:40:51,4.3,6.7,65.4
2025-03-26 18:52:40,5.2,6.4,65.4
2025-03-26 19:08:37,6.5,6.7,65.4
2025-03-26 19:23:10,5.5,6.3,65.4
2025-03-26 19:33:35,5.0,6.6,65.4
2025-03-26 19:42:54,3.8,6.5,65.4
2025-03-26 19:52:16,6.5,6.6,65.4
2025-03-26 20:10:39,5.0,6.6,65.4
2025-03-26 20:31:02,6.5,6.2,65.4
2025-03-26 20:43:15,5.5,6.4,65.4
2025-03-26 20:52:25,5.5,6.6,65.4
2025-03-26 21:09:02,5.8,6.5,65.4
2025-03-26 21:27:00,7.0,6.7,65.4
2025-03-26 21:38:46,5.0,6.6,65.4
2025-03-26 21:47:49,3.7,6.4,65.4
2025-03-26 21:57:06,4.0,6.7,65.4
2025-03-26 22:18:10,5.5,6.3,65.4
2025-03-26 22:35:33,6.5,6.7,65.4
2025-03-26 22:44:52,5.7,6.4,65.4
2025-03-26 22:54:07,5.5,6.8,65.4
2025-03-26 23:12:46,4.2,6.6,65.4
2025-03-26 23:28:20,5.7,6.5,65.4
2025-03-26 23:39:45,5.5,6.5,65.4
2025-03-26 23:48:54,4.8,7.0,65.4
2025-03-26 23:58:00,5.3,6.5,65.4
2025-03-27 01:44:55,4.0,6.5,65.4
2025-03-27 02:50:11,3.0,6.4,65.4
2025-03-27 03:23:12,4.0,7.1,65.4
2025-03-27 03:48:23,5.0,6.4,65.4
2025-03-27 03:57:31,7.5,6.7,65.4
2025-03-27 04:24:20,6.2,6.5,65.4
2025-03-27 04:42:50,5.0,6.3,65.4
2025-03-27 04:52:38,4.0,6.4,65.4
2025-03-27 05:10:52,6.5,7.3,65.4
2025-03-27 05:31:34,5.3,6.3,65.4
2025-03-27 05:43:27,6.5,7.8,65.4
2025-03-27 05:52:36,5.3,6.4,65.4
2025-03-27 06:14:25,4.8,6.3,65.4
2025-03-27 06:41:28,5.3,6.9,65.4
2025-03-27 06:53:38,5.5,6.4,65.4
2025-03-27 07:12:37,6.0,6.5,65.4
2025-03-27 07:27:53,7.0,6.4,65.4
2025-03-27 07:39:02,6.0,6.5,65.4
2025-03-27 07:48:11,5.2,6.8,65.4
2025-03-27 07:57:20,4.7,6.7,65.4
2025-03-27 08:26:27,4.8,6.5,65.4
2025-03-27 08:44:48,5.3,6.4,65.4
2025-03-27 08:54:32,5.2,6.3,65.4
2025-03-27 09:15:33,5.7,6.5,65.4
2025-03-27 09:33:35,5.0,6.5,65.4
2025-03-27 09:44:42,5.5,6.9,65.4
2025-03-27 09:53:42,7.2,6.6,65.4
2025-03-27 10:13:33,5.2,6.2,65.4
2025-03-27 10:36:09,5.0,6.5,65.4
2025-03-27 10:47:43,6.5,6.7,65.4
2025-03-27 10:57:02,5.0,6.3,65.4
2025-03-27 11:15:54,5.5,6.4,65.4
2025-03-27 11:27:45,3.7,6.1,65.4
2025-03-27 11:38:13,5.0,6.3,65.4
2025-03-27 11:47:27,6.2,6.8,65.4
2025-03-27 11:56:40,5.8,6.4,65.4
2025-03-27 12:38:04,1.8,6.1,65.4
2025-03-27 13:06:30,3.7,6.3,65.4
2025-03-27 13:35:28,5.0,6.8,65.4
2025-03-27 13:47:09,4.8,6.5,65.4
2025-03-27 13:56:23,4.5,6.3,65.4
2025-03-27 14:17:36,3.7,6.4,65.4
2025-03-27 14:38:56,4.7,6.4,65.4
2025-03-27 14:49:50,5.5,6.5,65.4
2025-03-27 14:58:59,4.7,6.4,65.4
2025-03-27 15:26:08,5.2,6.7,65.4
2025-03-27 15:41:12,4.7,6.3,65.4
2025-03-27 15:50:29,5.8,6.5,65.4
2025-03-27 15:59:26,5.3,6.5,65.4
2025-03-27 16:32:00,5.5,6.6,65.4
2025-03-27 16:50:24,2.3,6.4,65.4
2025-03-27 16:59:20,3.5,6.4,65.4
2025-03-27 17:21:55,5.0,6.3,65.4
2025-03-27 17:34:08,5.0,6.5,65.4
2025-03-27 17:43:09,5.2,6.8,65.4
2025-03-27 17:52:29,5.5,6.6,65.4
2025-03-27 18:13:41,4.7,6.6,65.4
2025-03-27 18:40:41,5.3,6.4,65.4
2025-03-27 18:52:43,4.5,6.5,65.4
2025-03-27 19:08:22,5.7,6.7,65.4
2025-03-27 19:23:00,6.5,6.4,65.4
2025-03-27 19:33:04,5.5,6.5,65.4
2025-03-27 19:42:19,6.8,6.4,65.4
2025-03-27 19:51:39,5.0,6.4,65.4
2025-03-27 20:08:53,4.8,6.5,65.4
2025-03-27 20:29:35,7.0,6.5,65.4
2025-03-27 20:41:59,5.5,6.3,65.4
2025-03-27 20:51:28,4.3,6.5,65.4
2025-03-27 21:00:48,7.3,6.6,65.4
2025-03-27 21:23:52,4.3,6.6,65.4
2025-03-27 21:35:16,4.8,6.6,65.4
2025-03-27 21:44:17,4.8,6.7,65.4
2025-03-27 21:53:37,5.5,6.6,65.4
2025-03-27 22:11:18,5.5,6.4,65.4
2025-03-27 22:31:48,6.0,6.5,65.4
2025-03-27 22:43:15,5.2,6.7,65.4
2025-03-27 22:52:39,5.0,6.4,65.4
2025-03-27 23:10:34,6.3,6.5,65.4
2025-03-27 23:28:32,5.8,6.3,65.4
2025-03-27 23:41:01,6.0,6.4,65.4
2025-03-27 23:50:01,5.2,6.4,65.4
2025-03-27 23:58:55,4.3,6.5,65.4
2025-03-28 01:53:28,6.0,6.5,65.4
2025-03-28 02:55:52,5.8,6.7,65.4
2025-03-28 03:30:44,5.3,6.5,65.4
2025-03-28 03:50:54,5.0,6.3,65.4
2025-03-28 03:59:52,5.0,6.5,65.4
2025-03-28 04:30:01,4.8,6.3,65.4
2025-03-28 04:45:12,5.7,6.5,65.4
2025-03-28 04:54:28,10.5,6.7,65.4
2025-03-28 05:13:59,5.5,6.6,65.4
2025-03-28 05:34:01,6.5,6.6,65.4
2025-03-28 05:46:27,5.2,6.8,65.4
2025-03-28 05:55:18,5.2,6.4,65.4
2025-03-28 06:22:16,3.3,6.5,65.4
2025-03-28 06:45:09,5.5,6.6,65.4
2025-03-28 06:55:21,4.5,6.6,65.4
2025-03-28 07:15:28,5.2,6.6,65.4
2025-03-28 07:30:27,5.3,6.7,65.4
2025-03-28 07:41:29,5.0,6.6,65.4
2025-03-28 07:50:32,5.0,6.2,65.4
2025-03-28 07:59:35,4.8,6.7,65.4
2025-03-28 08:31:47,3.7,6.3,65.4
2025-03-28 08:47:28,4.0,6.5,65.4
2025-03-28 08:56:43,4.5,7.7,65.4
2025-03-28 09:20:10,5.5,6.3,65.4
2025-03-28 09:37:02,4.3,6.5,65.4
2025-03-28 09:46:25,3.3,6.4,65.4
2025-03-28 09:55:41,5.0,6.6,65.4
2025-03-28 10:17:25,6.0,6.6,65.4
2025-03-28 10:38:38,5.8,6.4,65.4
2025-03-28 10:48:23,4.5,6.5,65.4
2025-03-28 10:57:39,2.7,6.5,65.4
2025-03-28 11:16:49,6.0,6.7,65.4
2025-03-28 11:28:26,5.0,6.6,65.4
2025-03-28 11:38:24,5.2,6.5,65.4
2025-03-28 11:47:28,4.5,6.8,65.4
2025-03-28 11:56:30,5.5,6.4,65.4
2025-03-28 12:35:55,4.8,6.7,65.4
2025-03-28 13:04:52,7.2,6.5,65.4
2025-03-28 13:33:07,3.0,6.8,65.4
2025-03-28 13:45:10,5.7,6.6,65.4
2025-03-28 13:54:27,4.8,6.6,65.4
2025-03-28 14:13:29,4.7,6.5,65.4
2025-03-28 14:33:48,1.5,6.5,65.4
2025-03-28 14:45:33,5.0,6.8,65.4
2025-03-28 14:54:32,5.3,6.7,65.4
2025-03-28 15:14:27,6.8,6.5,65.4
2025-03-28 15:33:06,5.0,6.7,65.4
2025-03-28 15:44:26,5.2,6.6,65.4
2025-03-28 15:53:52,4.0,6.7,65.4
2025-03-28 16:15:35,5.0,6.3,65.4
2025-03-28 16:40:40,4.3,6.6,65.4
2025-03-28 16:52:55,5.7,6.7,65.4
2025-03-28 17:09:56,6.5,6.4,65.4
2025-03-28 17:29:52,5.7,6.6,65.4
2025-03-28 17:41:59,4.8,6.5,65.4
2025-03-28 17:51:12,4.7,6.4,65.4
2025-03-28 18:00:46,5.8,6.4,65.4
2025-03-28 18:35:49,6.5,6.4,65.4
2025-03-28 18:51:04,4.8,6.4,65.4
2025-03-28 19:00:18,5.2,7.7,65.4
2025-03-28 19:20:05,6.0,6.6,65.4
2025-03-28 19:29:11,6.2,6.6,65.4
2025-03-28 19:39:14,5.5,6.3,65.4
2025-03-28 19:48:37,3.5,6.5,65.4
2025-03-28 19:57:33,5.5,6.7,65.4
2025-03-28 20:22:42,4.7,6.9,65.4
2025-03-28 20:36:53,6.0,6.7,65.4
2025-03-28 20:46:20,5.0,6.3,65.4
2025-03-28 20:55:13,5.5,6.5,65.4
2025-03-28 21:14:17,5.5,6.5,65.4
2025-03-28 21:28:49,5.8,6.6,65.4
2025-03-28 21:39:12,5.2,6.4,65.4
2025-03-28 21:48:28,4.5,6.6,65.4
2025-03-28 21:57:21,5.8,6.4,65.4
2025-03-28 22:19:24,5.5,6.7,65.4
2025-03-28 22:34:59,5.2,6.5,65.4
2025-03-28 22:44:09,6.5,6.5,65.4
2025-03-28 22:53:02,4.8,6.4,65.4
2025-03-28 23:10:31,4.8,6.5,65.4
2025-03-28 23:27:57,4.8,6.7,65.4
2025-03-28 23:39:13,7.0,6.6,65.4
2025-03-28 23:48:21,5.5,6.4,65.5
2025-03-28 23:57:38,3.7,6.4,65.4
2025-03-29 01:40:35,3.5,6.3,65.4
2025-03-29 02:47:37,5.2,6.5,65.4
2025-03-29 03:19:56,5.2,6.3,65.4
2025-03-29 03:43:42,5.0,6.5,65.4
2025-03-29 03:53:04,6.0,6.5,65.4
2025-03-29 04:13:24,5.0,6.4,65.4
2025-03-29 04:37:08,5.0,6.5,65.4
2025-03-29 04:50:09,5.0,6.3,65.4
2025-03-29 04:59:12,5.5,6.5,65.4
2025-03-29 05:22:15,5.0,6.7,65.4
2025-03-29 05:36:13,5.0,6.5,65.4
2025-03-29 05:45:13,5.0,6.5,65.4
2025-03-29 05:54:14,4.5,6.5,65.4
2025-03-29 06:17:29,5.2,6.7,65.4
2025-03-29 06:39:50,5.0,6.9,65.4
2025-03-29 06:50:08,4.8,6.5,65.4
2025-03-29 06:59:17,6.3,6.6,65.4
2025-03-29 07:21:07,5.2,6.4,65.4
2025-03-29 07:30:01,7.3,6.6,65.4
2025-03-29 07:39:10,3.2,6.5,65.4
2025-03-29 07:48:22,5.0,6.3,65.4
2025-03-29 07:57:20,6.5,6.4,65.4
2025-03-29 08:24:20,6.5,6.3,65.4
2025-03-29 08:40:14,3.2,6.4,65.4
2025-03-29 08:50:24,4.8,6.7,65.4
2025-03-29 08:59:34,4.0,6.5,65.4
2025-03-29 09:24:05,4.8,6.5,65.4
2025-03-29 09:35:33,5.5,6.5,65.4
2025-03-29 09:44:42,5.7,6.7,65.4
2025-03-29 09:53:59,5.0,6.6,65.4
2025-03-29 10:12:06,4.8,6.4,65.4
2025-03-29 10:34:42,5.3,6.2,65.4
2025-03-29 10:44:57,5.0,6.6,65.4
2025-03-29 10:54:21,5.5,6.5,65.4
2025-03-29 11:11:12,6.0,6.7,65.4
2025-03-29 11:24:46,3.5,6.5,65.4
2025-03-29 11:35:17,5.0,6.7,65.4
2025-03-29 11:44:24,5.2,6.3,65.4
2025-03-29 11:53:20,6.2,6.4,65.4
2025-03-29 12:19:52,5.5,6.5,65.4
2025-03-29 12:53:35,5.5,6.4,65.4
2025-03-29 13:17:51,3.3,6.2,65.4
2025-03-29 13:32:52,6.0,6.5,65.4
2025-03-29 13:42:05,5.3,6.6,65.4
2025-03-29 13:51:19,4.5,6.6,65.5
2025-03-29 14:00:29,5.3,6.5,65.4
2025-03-29 14:24:07,5.0,6.6,65.4
2025-03-29 14:39:04,5.2,6.4,65.4
2025-03-29 14:48:23,4.0,6.5,65.4
2025-03-29 14:57:36,6.2,6.8,65.4
2025-03-29 15:20:39,5.2,6.4,65.4
2025-03-29 15:32:42,5.0,7.0,65.4
2025-03-29 15:42:08,5.5,6.4,65.4
2025-03-29 15:51:12,5.5,6.4,65.4
2025-03-29 16:00:16,4.2,6.3,65.4
2025-03-29 16:29:40,4.8,6.5,65.4
2025-03-29 16:45:34,5.0,6.5,65.4
2025-03-29 16:54:33,4.5,6.5,65.4
2025-03-29 17:11:25,5.2,6.7,65.4
2025-03-29 17:28:41,5.0,6.4,65.4
2025-03-29 17:39:03,5.0,7.3,65.4
2025-03-29 17:48:05,5.3,6.5,65.4
2025-03-29 17:57:23,5.7,6.7,65.4
2025-03-29 18:25:44,4.0,6.4,65.4
2025-03-29 18:42:34,5.2,6.4,65.4
2025-03-29 18:51:46,5.2,6.5,65.4
2025-03-29 19:03:49,5.3,6.6,65.4
2025-03-29 19:21:25,6.2,6.5,65.4
2025-03-29 19:30:23,6.5,6.6,65.4
2025-03-29 19:39:42,5.0,6.5,65.4
2025-03-29 19:49:00,5.2,6.6,65.4
2025-03-29 19:58:02,6.0,6.4,65.4
2025-03-29 20:21:14,7.7,6.7,65.4
2025-03-29 20:32:44,4.8,6.5,65.4
2025-03-29 20:42:34,6.2,6.5,65.4
2025-03-29 20:51:49,6.0,6.5,65.4
2025-03-29 21:06:53,4.0,7.2,65.4
2025-03-29 21:24:04,5.7,6.7,65.4
2025-03-29 21:33:55,4.7,6.6,65.4
2025-03-29 21:43:04,6.3,6.4,65.4
2025-03-29 21:52:24,8.3,6.4,65.4
2025-03-29 22:08:11,4.8,6.6,65.4
2025-03-29 22:29:08,5.3,6.7,65.4
2025-03-29 22:40:59,6.5,6.5,65.4
2025-03-29 22:50:12,6.5,6.6,65.4
2025-03-29 22:59:35,4.8,6.5,65.4
2025-03-29 23:22:25,4.7,6.5,65.4
2025-03-29 23:33:59,4.8,6.6,65.4
2025-03-29 23:43:07,5.3,6.3,65.4
2025-03-29 23:52:21,4.7,6.9,65.4
2025-03-30 00:51:49,4.8,6.5,65.4
2025-03-30 02:25:02,4.8,6.7,65.4
2025-03-30 03:24:30,3.5,6.5,65.4
2025-03-30 03:50:07,5.2,6.6,65.4
2025-03-30 03:59:10,5.5,6.7,65.4
2025-03-30 04:28:51,3.8,6.5,65.4
2025-03-30 04:44:45,5.5,6.3,65.4
2025-03-30 04:53:45,5.0,6.6,65.4
2025-03-30 05:11:56,6.7,6.5,65.4
2025-03-30 05:30:32,5.3,6.7,65.4
2025-03-30 05:41:30,5.7,6.5,65.4
2025-03-30 05:50:42,4.8,6.4,65.4
2025-03-30 05:59:39,5.8,6.5,65.4
2025-03-30 06:32:56,5.2,6.6,65.4
2025-03-30 06:47:34,5.0,6.7,65.4
2025-03-30 06:56:30,6.0,6.2,65.4
2025-03-30 07:17:59,5.0,6.6,65.4
2025-03-30 07:30:02,5.0,6.5,65.4
2025-03-30 07:39:09,4.0,6.6,65.4
2025-03-30 07:48:08,5.0,6.5,65.4
2025-03-30 07:57:19,4.5,6.4,65.4
2025-03-30 08:23:35,5.8,6.6,65.4
2025-03-30 08:39:03,5.5,6.4,65.4
2025-03-30 08:48:21,5.0,6.3,65.4
2025-03-30 08:57:16,5.3,6.4,65.4
2025-03-30 09:18:57,7.5,6.8,65.4
2025-03-30 09:30:31,4.3,6.3,65.4
2025-03-30 09:40:34,4.7,7.2,65.4
2025-03-30 09:49:29,4.7,6.7,65.4
2025-03-30 09:58:24,5.2,6.5,65.4
2025-03-30 10:21:27,4.3,6.4,65.4
2025-03-30 10:37:04,5.2,6.7,65.4
2025-03-30 10:46:09,9.5,6.7,65.4
2025-03-30 10:55:27,5.2,6.4,65.4
2025-03-30 11:13:17,3.5,6.4,65.4
2025-03-30 11:26:20,7.0,6.5,65.4
2025-03-30 11:36:13,5.0,7.4,65.4
2025-03-30 11:45:16,5.0,6.7,65.4
2025-03-30 11:54:32,3.5,6.5,65.4
2025-03-30 12:25:21,5.3,6.5,65.4
2025-03-30 12:56:59,6.0,6.4,65.4
2025-03-30 13:23:24,4.8,6.6,65.4
2025-03-30 13:36:37,5.0,6.5,65.4
2025-03-30 13:45:44,4.8,6.6,65.4
2025-03-30 13:54:36,5.8,6.4,65.4
2025-03-30 14:13:20,6.2,6.5,65.4
2025-03-30 14:31:51,5.0,6.6,65.4
2025-03-30 14:43:24,5.5,6.4,65.4
2025-03-30 14:52:44,3.3,6.8,65.4
2025-03-30 15:09:26,3.5,6.5,65.4
2025-03-30 15:27:54,2.7,6.3,65.4
2025-03-30 15:38:35,5.3,6.3,65.4
2025-03-30 15:47:52,4.5,6.3,65.4
2025-03-30 15:57:07,5.5,6.4,65.4
2025-03-30 16:22:16,4.0,6.4,65.4
2025-03-30 16:41:12,3.8,6.4,65.4
2025-03-30 16:50:30,4.2,6.6,65.4
2025-03-30 16:59:55,5.7,6.5,65.4
2025-03-30 17:21:15,6.0,6.7,65.4
2025-03-30 17:33:34,5.7,7.6,65.4
2025-03-30 17:42:38,4.5,6.3,65.4
2025-03-30 17:52:04,5.0,6.8,65.4
2025-03-30 18:10:57,3.8,6.4,65.4
2025-03-30 18:34:35,6.8,6.5,65.4
2025-03-30 18:47:01,5.2,6.2,65.4
2025-03-30 18:56:06,5.8,6.4,65.4
2025-03-30 19:12:58,5.7,6.6,65.4
2025-03-30 19:23:35,6.0,6.5,65.4
2025-03-30 19:34:10,5.5,6.5,65.4
2025-03-30 19:43:25,6.5,6.4,65.4
2025-03-30 19:52:23,5.5,6.5,65.4
2025-03-30 20:09:31,2.7,6.4,65.4
2025-03-30 20:29:16,5.5,6.5,65.4
2025-03-30 20:41:18,6.2,6.8,65.4
2025-03-30 20:50:33,4.8,6.5,65.4
2025-03-30 20:59:30,5.0,6.5,65.4
2025-03-30 21:22:14,5.0,6.4,65.4
2025-03-30 21:31:56,5.5,6.6,65.4
2025-03-30 21:41:09,5.5,6.6,65.4
2025-03-30 21:50:21,5.0,6.3,65.4
2025-03-30 21:59:15,5.0,6.6,65.4
2025-03-30 22:22:07,5.0,6.5,65.4
2025-03-30 22:36:04,6.0,6.5,65.4
2025-03-30 22:45:14,3.5,6.3,65.4
2025-03-30 22:54:31,5.0,6.3,65.4
2025-03-30 23:13:26,5.3,6.4,65.4
2025-03-30 23:29:23,5.2,6.5,65.4
2025-03-30 23:41:54,6.2,6.6,65.4
2025-03-30 23:50:58,5.5,6.7,65.4
2025-03-31 00:00:09,4.8,6.7,65.4
2025-03-31 02:03:33,4.0,6.6,65.4
2025-03-31 03:10:08,4.7,6.2,65.4
2025-03-31 03:43:46,4.3,6.6,65.4
2025-03-31 03:56:03,5.3,6.4,65.4
2025-03-31 04:21:02,4.0,7.6,65.4
2025-03-31 04:39:59,4.0,6.5,65.4
2025-03-31 04:50:45,5.0,6.5,65.4
2025-03-31 04:59:43,5.7,6.6,65.4
2025-03-31 05:25:36,5.2,6.5,65.4
2025-03-31 05:40:21,5.2,6.4,65.4
2025-03-31 05:49:24,5.2,6.6,65.4
2025-03-31 05:58:28,7.0,6.4,65.4
2025-03-31 06:33:24,5.8,6.6,65.4
2025-03-31 06:50:53,6.0,6.7,65.4
2025-03-31 06:59:49,6.2,6.5,65.4
2025-03-31 07:25:14,6.3,6.3,65.4
2025-03-31 07:36:50,7.2,6.3,65.4
2025-03-31 07:46:01,5.3,6.6,65.4
2025-03-31 07:55:23,5.0,6.3,65.4
2025-03-31 08:22:20,4.7,6.4,65.4
2025-03-31 08:43:24,4.5,6.8,65.4
2025-03-31 08:54:43,4.5,6.7,65.4
2025-03-31 09:16:40,5.0,6.6,65.4
2025-03-31 09:34:29,5.0,6.6,65.4
2025-03-31 09:45:00,5.3,6.4,65.4
2025-03-31 09:54:19,5.5,6.7,65.4
2025-03-31 10:15:47,3.8,6.5,65.4
2025-03-31 10:39:19,5.0,6.4,65.4
2025-03-31 10:51:02,4.7,6.4,65.4
2025-03-31 11:00:19,5.3,6.3,65.4
2025-03-31 11:22:06,5.3,6.4,65.4
2025-03-31 11:31:42,5.8,6.4,65.4
2025-03-31 11:41:56,5.0,6.5,65.4
2025-03-31 11:50:58,3.7,6.4,65.4
2025-03-31 11:59:53,6.2,6.6,65.4
2025-03-31 12:51:37,5.2,6.5,65.4
2025-03-31 13:19:54,4.5,6.4,65.4
2025-03-31 13:41:13,5.3,6.5,65.4
2025-03-31 13:50:59,5.3,6.5,65.4
2025-03-31 14:00:07,5.7,6.3,65.4
2025-03-31 14:25:57,5.0,6.4,65.4
2025-03-31 14:42:19,5.0,6.6,65.4
2025-03-31 14:51:40,6.8,6.3,65.4
2025-03-31 15:08:47,4.0,6.5,65.4
2025-03-31 15:30:52,5.7,6.4,65.4
2025-03-31 15:43:43,5.8,6.5,65.4
2025-03-31 15:52:49,6.0,6.6,65.4
2025-03-31 16:13:25,4.0,6.7,65.4
2025-03-31 16:39:54,5.0,6.6,65.4
2025-03-31 16:54:38,6.0,6.5,65.4
2025-03-31 17:12:34,5.3,6.6,65.4
2025-03-31 17:30:44,5.3,6.5,65.4
2025-03-31 17:41:51,10.5,6.6,65.4
2025-03-31 17:51:17,5.5,7.2,65.4
2025-03-31 18:00:16,4.8,6.6,65.4
2025-03-31 18:34:39,5.0,6.2,65.4
2025-03-31 18:50:22,5.3,6.5,65.6
2025-03-31 18:59:18,5.5,6.5,65.4
2025-03-31 19:20:04,3.8,6.7,65.4
2025-03-31 19:29:23,4.8,6.6,65.4
2025-03-31 19:39:47,4.5,6.3,65.4
2025-03-31 19:48:57,5.3,6.5,65.4
2025-03-31 19:58:16,6.5,6.5,65.4
2025-03-31 20:25:13,5.8,6.9,65.4
2025-03-31 20:39:14,7.0,6.6,65.4
2025-03-31 20:48:28,3.8,6.3,65.4
2025-03-31 20:57:36,5.2,6.5,65.4
2025-03-31 21:19:59,6.7,6.7,65.4
2025-03-31 21:31:48,7.5,6.6,65.4
2025-03-31 21:41:21,6.5,6.4,65.4
2025-03-31 21:50:45,5.8,6.4,65.4
2025-03-31 22:00:00,6.0,6.7,65.4
2025-03-31 22:25:17,5.5,6.5,65.4
2025-03-31 22:39:59,6.8,6.5,65.6
2025-03-31 22:49:09,5.8,6.4,65.4
2025-03-31 22:58:18,5.5,6.3,65.4
2025-03-31 23:21:03,9.8,6.5,65.4
2025-03-31 23:32:02,6.3,6.1,65.4
2025-03-31 23:41:48,6.2,6.5,65.4
2025-03-31 23:51:07,5.8,6.7,65.4
2025-04-01 00:00:21,6.5,6.3,65.6
2025-04-01 02:10:18,5.5,6.4,65.4
2025-04-01 03:17:07,5.5,6.6,65.4
2025-04-01 03:51:31,5.3,6.4,65.4
2025-04-01 04:11:24,5.5,6.7,65.4
2025-04-01 04:36:41,5.5,6.5,65.4
2025-04-01 04:49:53,5.0,6.5,65.4
2025-04-01 04:58:55,5.3,6.4,65.4
2025-04-01 05:24:28,5.7,6.7,65.4
2025-04-01 05:39:49,7.0,6.5,65.4
2025-04-01 05:48:50,4.8,6.6,65.4
2025-04-01 05:57:54,3.5,6.6,65.6
2025-04-01 06:32:13,5.0,7.1,65.4
2025-04-01 06:52:10,10.0,6.5,65.4
2025-04-01 07:10:35,5.0,7.0,65.4
2025-04-01 07:29:10,5.3,6.3,65.4
2025-04-01 07:40:57,5.2,6.7,65.4
2025-04-01 07:50:01,6.8,6.6,65.4
2025-04-01 07:59:13,5.8,6.4,65.4
2025-04-01 08:32:57,5.0,6.7,65.4
2025-04-01 08:50:24,5.8,6.4,65.4
2025-04-01 08:59:36,5.8,6.5,65.4
2025-04-01 09:27:58,5.3,6.5,65.4
2025-04-01 09:41:49,6.7,6.5,65.6
2025-04-01 09:51:03,5.3,6.4,65.4
2025-04-01 10:00:10,4.2,6.7,65.4
2025-04-01 10:28:55,6.0,6.7,65.4
2025-04-01 10:45:40,4.5,6.5,65.6
2025-04-01 10:54:41,5.3,6.5,65.4
2025-04-01 11:12:51,5.0,6.5,65.4
2025-04-01 11:27:48,6.5,6.5,65.4
2025-04-01 11:38:31,5.0,6.3,65.4
2025-04-01 11:47:43,4.2,6.6,65.4
2025-04-01 11:56:46,5.5,6.8,65.4
2025-04-01 12:39:34,5.3,6.7,65.4
2025-04-01 13:16:06,5.8,6.7,65.4
2025-04-01 13:41:05,5.2,6.7,65.4
2025-04-01 13:51:35,4.5,6.7,65.4
2025-04-01 14:08:18,6.5,6.5,65.4
2025-04-01 14:32:56,5.2,7.0,65.4
2025-04-01 14:47:11,5.5,6.3,65.4
2025-04-01 14:56:29,5.3,6.6,65.4
2025-04-01 15:20:28,2.2,6.3,65.6
2025-04-01 15:38:11,5.5,6.5,65.6
2025-04-01 15:48:08,5.8,6.5,65.6
2025-04-01 15:57:24,4.0,6.3,65.6
2025-04-01 16:25:19,5.0,6.4,65.6
2025-04-01 16:45:54,5.0,7.7,65.4
2025-04-01 16:55:54,5.3,6.3,65.6
2025-04-01 17:16:35,5.7,6.5,65.6
2025-04-01 17:33:51,4.8,7.5,65.4
2025-04-01 17:44:18,7.5,6.3,65.6
2025-04-01 17:53:30,6.0,6.6,65.6
2025-04-01 18:16:13,5.5,6.4,65.6
2025-04-01 18:42:42,5.2,6.5,65.6
2025-04-01 18:53:45,5.0,6.4,65.6
2025-04-01 19:10:14,5.8,6.5,65.6
2025-04-01 19:24:24,4.8,6.7,65.6
2025-04-01 19:35:25,8.8,6.5,65.6
2025-04-01 19:44:29,5.3,6.5,65.6
2025-04-01 19:53:32,5.0,6.5,65.6
2025-04-01 20:14:07,4.5,6.4,65.6
2025-04-01 20:32:58,4.5,6.6,65.6
2025-04-01 20:45:00,5.3,6.5,65.6
2025-04-01 20:53:59,5.5,6.4,65.6
2025-04-01 21:12:13,5.5,6.6,65.4
2025-04-01 21:28:27,5.2,6.4,65.6
2025-04-01 21:39:37,4.3,6.4,65.6
2025-04-01 21:48:52,5.2,6.4,65.6
2025-04-01 21:58:04,5.0,6.4,65.6
2025-04-01 22:20:40,5.7,6.6,65.6
2025-04-01 22:37:56,4.5,6.5,65.6
2025-04-01 22:47:16,4.8,6.6,65.4
2025-04-01 22:56:07,5.8,6.4,65.6
2025-04-01 23:16:56,5.2,6.7,65.6
2025-04-01 23:31:14,6.5,6.4,65.6
2025-04-01 23:41:34,3.5,6.4,65.6
2025-04-01 23:50:52,5.0,7.3,65.4
2025-04-01 23:59:50,6.2,6.4,65.6
2025-04-02 01:59:08,5.8,6.6,65.6
2025-04-02 03:04:21,4.8,6.4,65.6
2025-04-02 03:40:05,5.5,6.6,65.6
2025-04-02 03:55:34,6.5,6.3,65.6
2025-04-02 04:19:29,5.3,6.7,65.6
2025-04-02 04:40:25,4.5,6.5,65.6
2025-04-02 04:51:21,3.5,6.5,65.6
2025-04-02 05:00:46,5.0,6.4,65.6
2025-04-02 05:27:17,5.3,6.6,65.6
2025-04-02 05:42:27,8.8,7.7,65.4
2025-04-02 05:51:40,7.2,6.6,65.6
2025-04-02 06:12:05,2.5,6.6,65.6
2025-04-02 06:40:56,5.0,6.5,65.6
2025-04-02 06:52:47,5.5,6.6,65.6
2025-04-02 07:11:14,6.0,6.7,65.6
2025-04-02 07:28:35,5.2,6.5,65.6
2025-04-02 07:40:07,5.2,6.6,65.6
2025-04-02 07:49:22,6.0,6.5,65.6
2025-04-02 07:58:39,5.3,6.5,65.6
2025-04-02 08:31:50,6.3,6.5,65.6
2025-04-02 08:49:55,4.5,6.3,65.6
2025-04-02 08:58:45,5.5,6.6,65.6
2025-04-02 09:26:15,5.3,6.5,65.6
2025-04-02 09:41:20,5.5,6.6,65.6
2025-04-02 09:50:29,6.8,6.4,65.6
2025-04-02 09:59:39,4.8,6.6,65.6
2025-04-02 10:27:53,5.0,6.4,65.6
2025-04-02 10:44:07,4.5,6.4,65.6
2025-04-02 10:53:22,5.2,6.3,65.6
2025-04-02 11:10:05,5.2,6.3,65.6
2025-04-02 11:25:40,3.7,6.4,65.6
2025-04-02 11:36:23,6.0,6.7,65.4
2025-04-02 11:45:33,9.2,6.5,65.4
2025-04-02 11:54:29,4.5,6.4,65.6
2025-04-02 12:28:52,5.0,7.2,65.4
2025-04-02 13:04:35,5.5,6.6,65.6
2025-04-02 13:35:15,4.5,6.4,65.6
2025-04-02 13:47:33,4.5,6.5,65.6
2025-04-02 13:56:45,8.0,6.6,65.6
2025-04-02 14:18:34,5.5,6.5,65.6
2025-04-02 14:38:45,5.2,6.6,65.6
2025-04-02 14:48:58,5.2,6.6,65.6
2025-04-02 14:58:07,5.5,6.4,65.6
2025-04-02 15:24:12,5.3,6.6,65.6
2025-04-02 15:39:53,5.0,6.6,65.6
2025-04-02 15:49:44,8.7,6.6,65.6
2025-04-02 15:59:03,4.5,6.4,65.6
2025-04-02 16:32:16,4.3,6.6,65.6
2025-04-02 16:51:26,5.0,6.3,65.4
2025-04-02 17:00:33,5.0,6.7,65.6
2025-04-02 17:23:20,8.5,6.4,65.6
2025-04-02 17:37:25,4.3,6.6,65.6
2025-04-02 17:46:38,5.8,6.4,65.6
2025-04-02 17:56:00,4.7,6.4,65.6
2025-04-02 18:24:36,4.5,6.5,65.6
2025-04-02 18:45:27,5.5,6.5,65.6
2025-04-02 18:55:00,4.8,6.5,65.6
2025-04-02 19:12:22,6.0,6.5,65.6
2025-04-02 19:25:11,10.5,6.7,65.6
2025-04-02 19:36:03,4.0,6.5,65.4
2025-04-02 19:45:00,3.8,6.3,65.6
2025-04-02 19:53:59,5.3,6.6,65.6
2025-04-02 20:14:33,7.5,6.4,65.6
2025-04-02 20:33:01,5.8,6.3,65.6
2025-04-02 20:44:41,5.2,6.2,65.4
2025-04-02 20:54:12,5.2,6.2,65.6
2025-04-02 21:12:28,5.5,6.5,65.6
2025-04-02 21:28:07,6.3,6.5,65.6
2025-04-02 21:39:26,5.2,6.6,65.6
2025-04-02 21:48:46,6.0,6.4,65.4
2025-04-02 21:57:44,4.5,6.5,65.4
2025-04-02 22:19:33,6.8,6.1,65.6
2025-04-02 22:36:50,8.0,6.7,65.6
2025-04-02 22:46:11,5.3,6.5,65.6
2025-04-02 22:55:19,5.7,6.4,65.6
2025-04-02 23:14:45,5.0,7.4,65.4
2025-04-02 23:29:23,4.0,6.5,65.6
2025-04-02 23:40:04,5.0,6.7,65.6
2025-04-02 23:49:14,5.2,6.4,65.6
2025-04-02 23:58:25,5.7,6.7,65.4
2025-04-03 01:49:32,5.0,6.5,65.6
2025-04-03 02:53:54,5.5,6.6,65.6
2025-04-03 03:28:52,6.7,6.2,65.6
2025-04-03 03:52:06,5.5,6.7,65.6
2025-04-03 04:11:26,5.5,6.5,65.6
2025-04-03 04:35:40,6.2,6.3,65.6
2025-04-03 04:50:19,3.5,6.1,65.4
2025-04-03 04:59:17,5.0,6.3,65.6
2025-04-03 05:24:50,5.3,6.4,65.6
2025-04-03 05:39:06,5.0,6.4,65.6
2025-04-03 05:48:17,6.5,6.7,65.6
2025-04-03 05:57:34,5.2,6.5,65.6
2025-04-03 06:29:54,5.8,6.4,65.6
2025-04-03 06:49:01,4.5,6.5,65.6
2025-04-03 06:58:05,6.5,6.4,65.4
2025-04-03 07:21:39,5.5,6.5,65.6
2025-04-03 07:32:57,6.3,6.4,65.4
2025-04-03 07:42:09,6.3,6.8,65.6
2025-04-03 07:51:30,5.0,6.6,65.6
2025-04-03 08:11:08,3.7,6.1,65.6
2025-04-03 08:36:36,6.0,6.5,65.6
2025-04-03 08:51:04,4.3,6.7,65.6
2025-04-03 09:00:03,5.5,6.4,65.6
2025-04-03 09:27:04,4.7,6.4,65.6
2025-04-03 09:40:41,4.5,6.6,65.6
2025-04-03 09:49:40,4.3,6.4,65.6
2025-04-03 09:59:01,4.7,6.3,65.4
2025-04-03 10:25:33,4.8,6.2,65.6
2025-04-03 10:42:38,5.8,6.2,65.4
2025-04-03 10:51:36,2.8,6.3,65.4
2025-04-03 11:07:03,4.0,6.4,65.4
2025-04-03 11:25:56,5.5,6.4,65.4
2025-04-03 11:37:15,5.5,6.3,65.4
2025-04-03 11:46:26,6.0,6.4,65.4
2025-04-03 11:55:43,5.2,6.5,65.4
2025-04-03 12:33:46,6.5,6.7,65.4
2025-04-03 13:05:47,5.2,6.5,65.4
2025-04-03 13:35:04,4.5,6.6,65.4
2025-04-03 13:47:10,6.0,6.5,65.4
2025-04-03 13:56:26,5.2,6.6,65.4
2025-04-03 14:17:47,4.5,6.2,65.4
2025-04-03 14:38:08,5.0,6.3,65.4
2025-04-03 14:48:33,6.0,6.6,65.4
2025-04-03 14:58:00,4.8,6.6,65.4
2025-04-03 15:21:08,5.5,6.6,65.4
2025-04-03 15:36:06,5.0,6.6,65.4
2025-04-03 15:46:11,5.0,6.5,65.4
2025-04-03 15:55:35,4.5,6.6,65.4
2025-04-03 16:20:15,5.0,6.3,65.4
2025-04-03 16:42:58,5.3,6.4,65.4
2025-04-03 16:55:08,6.5,6.5,65.4
2025-04-03 17:13:56,3.2,6.6,65.4
2025-04-03 17:31:31,5.3,6.5,65.4
2025-04-03 17:42:24,3.5,6.7,65.4
2025-04-03 17:51:31,6.0,6.5,65.4
2025-04-03 18:10:49,5.7,6.3,65.4
2025-04-03 18:38:20,3.8,6.5,65.4
2025-04-03 18:51:36,5.0,6.5,65.4
2025-04-03 19:05:30,5.5,6.6,65.4
2025-04-03 19:22:00,5.0,6.4,65.4
2025-04-03 19:31:24,5.2,6.5,65.4
2025-04-03 19:40:35,5.3,6.4,65.4
2025-04-03 19:49:45,6.0,6.5,65.4
2025-04-03 19:58:48,5.7,6.6,65.4
2025-04-03 20:25:53,6.0,6.7,65.4
2025-04-03 20:39:35,5.5,6.6,65.4
2025-04-03 20:48:49,5.8,6.4,65.4
2025-04-03 20:58:15,4.5,7.1,65.4
2025-04-03 21:20:26,6.5,6.6,65.4
2025-04-03 21:31:31,5.0,6.6,65.4
2025-04-03 21:40:52,5.0,6.8,65.4
2025-04-03 21:50:04,5.0,6.4,65.4
2025-04-03 21:59:00,5.0,6.6,65.4
2025-04-03 22:22:48,5.0,7.3,65.4
2025-04-03 22:37:40,5.0,6.9,65.4
2025-04-03 22:46:51,5.0,6.5,65.4
2025-04-03 22:56:05,3.7,6.5,65.4
2025-04-03 23:18:19,5.0,6.5,65.4
2025-04-03 23:33:07,4.8,6.6,65.4
2025-04-03 23:44:05,5.8,6.5,65.4
2025-04-03 23:53:17,5.3,6.5,65.4
2025-04-04 00:55:37,7.0,6.4,65.4
2025-04-04 02:23:35,7.8,6.4,65.4
2025-04-04 03:10:38,4.0,6.7,65.4
2025-04-04 03:42:30,5.0,7.4,65.4
2025-04-04 03:54:28,5.3,6.6,65.4
2025-04-04 04:16:56,5.5,6.4,65.4
2025-04-04 04:38:06,3.5,6.5,65.4
2025-04-04 04:50:21,4.7,6.4,65.4
2025-04-04 04:59:28,6.5,6.4,65.4
2025-04-04 05:25:21,5.5,6.5,65.4
2025-04-04 05:39:43,4.2,6.5,65.4
2025-04-04 05:48:45,4.8,6.5,65.4
2025-04-04 05:57:54,5.0,6.4,65.4
2025-04-04 06:30:41,3.5,6.7,65.4
2025-04-04 06:48:50,4.5,6.4,65.4
2025-04-04 06:57:48,5.5,6.6,65.4
2025-04-04 07:20:25,5.7,6.3,65.4
2025-04-04 07:31:29,6.0,6.5,65.4
2025-04-04 07:42:25,5.5,6.5,65.4
2025-04-04 07:51:41,3.8,6.5,65.4
2025-04-04 08:11:35,5.5,6.7,65.4
2025-04-04 08:35:54,3.5,6.5,65.4
2025-04-04 08:50:08,4.7,6.5,65.4
2025-04-04 08:59:18,4.2,6.4,65.4
2025-04-04 09:26:21,4.5,6.4,65.4
2025-04-04 09:39:24,5.0,6.7,65.4
2025-04-04 09:48:28,5.2,6.5,65.4
2025-04-04 09:57:41,4.8,6.9,65.4
2025-04-04 10:22:30,5.0,6.6,65.4
2025-04-04 10:40:29,5.3,6.3,65.4
2025-04-04 10:59:01,3.5,6.5,65.4
2025-04-04 11:21:02,4.8,6.5,65.4
2025-04-04 11:30:29,7.8,6.4,65.4
2025-04-04 11:41:33,6.5,6.4,65.4
2025-04-04 11:50:33,5.0,6.6,65.4
2025-04-04 11:59:45,4.8,6.5,65.4
2025-04-04 12:50:17,4.8,6.5,65.4
2025-04-04 13:17:37,5.0,6.6,65.4
2025-04-04 13:39:27,5.5,6.6,65.4
2025-04-04 13:48:53,6.3,6.5,65.4
2025-04-04 13:58:04,4.7,6.2,65.4
2025-04-04 14:20:45,6.0,6.4,65.4
2025-04-04 14:38:26,6.5,6.4,65.4
2025-04-04 14:47:50,4.0,6.7,65.4
2025-04-04 14:57:02,4.0,6.5,65.4
2025-04-04 15:20:15,5.2,7.9,65.4
2025-04-04 15:37:24,5.3,6.6,65.4
2025-04-04 15:48:38,4.5,6.7,65.4
2025-04-04 15:57:40,5.3,6.4,65.4
2025-04-04 16:26:02,4.0,6.4,65.4
2025-04-04 16:45:11,5.5,7.9,65.4
2025-04-04 16:55:12,5.2,6.5,65.4
2025-04-04 17:13:57,4.8,6.8,65.4
2025-04-04 17:31:13,4.0,6.4,65.4
2025-04-04 17:41:47,6.5,6.5,65.4
2025-04-04 17:51:13,6.0,6.7,65.4
2025-04-04 18:00:26,3.5,7.6,65.4
2025-04-04 18:33:50,7.3,6.5,65.4
2025-04-04 18:48:49,10.7,6.8,65.4
2025-04-04 18:58:04,6.3,6.4,65.4
2025-04-04 19:18:15,4.0,6.8,65.4
2025-04-04 19:29:14,5.5,6.5,65.4
2025-04-04 19:39:41,5.8,6.3,65.4
2025-04-04 19:48:35,5.0,6.4,65.4
2025-04-04 19:57:49,5.2,6.4,65.4
2025-04-04 20:22:57,5.0,6.6,65.4
2025-04-04 20:37:00,4.3,6.3,65.4
2025-04-04 20:46:15,5.8,6.4,65.4
2025-04-04 20:55:23,5.8,6.5,65.4
2025-04-04 21:14:21,5.2,6.8,65.4
2025-04-04 21:29:02,5.5,6.5,65.4
2025-04-04 21:39:55,5.7,6.4,65.4
2025-04-04 21:49:12,5.0,6.5,65.4
2025-04-04 21:58:17,5.3,6.4,65.4
2025-04-04 22:20:53,6.8,6.6,65.4
2025-04-04 22:37:03,4.0,6.4,65.4
2025-04-04 22:46:08,6.0,6.9,65.4
2025-04-04 22:55:12,5.3,6.5,65.4
2025-04-04 23:14:32,5.8,6.5,65.5
2025-04-04 23:29:22,5.0,6.7,65.4
2025-04-04 23:40:13,5.5,6.6,65.4
2025-04-04 23:49:35,4.5,6.6,65.4
2025-04-04 23:58:56,6.0,6.6,65.4
2025-04-05 01:52:29,5.3,6.5,65.4
2025-04-05 02:52:24,5.0,6.4,65.4
2025-04-05 03:23:19,6.2,6.6,65.4
2025-04-05 03:45:14,4.8,6.5,65.4
2025-04-05 03:54:14,3.8,6.5,65.4
2025-04-05 04:15:26,6.5,6.4,65.4
2025-04-05 04:35:31,5.7,6.5,65.4
2025-04-05 04:47:10,4.0,6.2,65.4
2025-04-05 04:56:17,3.5,6.5,65.4
2025-04-05 05:17:50,4.3,6.6,65.4
2025-04-05 05:34:47,5.5,6.4,65.4
2025-04-05 05:44:04,4.0,7.5,65.4
2025-04-05 05:53:05,5.2,6.7,65.4
2025-04-05 06:14:30,2.7,6.4,65.4
2025-04-05 06:38:55,5.3,6.4,65.4
2025-04-05 06:50:15,5.5,6.5,65.4
2025-04-05 06:59:12,12.5,6.5,65.4
2025-04-05 07:21:13,5.5,6.5,65.4
2025-04-05 07:30:10,5.5,6.5,65.4
2025-04-05 07:39:55,5.7,6.6,65.4
2025-04-05 07:49:19,5.2,6.6,65.4
2025-04-05 07:58:20,5.0,6.6,65.4
2025-04-05 08:26:03,7.5,6.6,65.4
2025-04-05 08:40:59,6.0,6.4,65.4
2025-04-05 08:49:58,6.0,6.5,65.4
2025-04-05 08:59:14,5.8,6.5,65.4
2025-04-05 09:22:57,5.5,6.3,65.4
2025-04-05 09:33:35,5.0,6.5,65.4
2025-04-05 09:42:38,3.3,6.5,65.4
2025-04-05 09:51:51,6.7,6.6,65.4
2025-04-05 10:07:35,6.3,6.3,65.4
2025-04-05 10:31:11,6.3,6.4,65.4
2025-04-05 10:42:37,5.0,6.2,65.4
2025-04-05 10:51:38,5.0,6.6,65.4
2025-04-05 11:03:01,5.5,6.7,65.4
2025-04-05 11:20:23,7.0,6.5,65.4
2025-04-05 11:29:20,6.5,6.5,65.4
2025-04-05 11:39:10,6.0,6.5,65.4
2025-04-05 11:48:39,5.0,6.7,65.4
2025-04-05 11:57:40,5.5,6.5,65.4
2025-04-05 12:37:28,6.5,6.4,65.4
2025-04-05 13:01:35,5.5,6.5,65.4
2025-04-05 13:27:40,5.3,6.4,65.4
2025-04-05 13:38:56,5.0,6.4,65.4
2025-04-05 13:48:04,4.8,6.7,65.4
2025-04-05 13:57:18,6.3,6.3,65.4
2025-04-05 14:16:39,5.8,6.5,65.4
2025-04-05 14:31:55,5.5,6.3,65.4
2025-04-05 14:41:31,5.2,6.5,65.4
2025-04-05 14:50:49,6.0,6.7,65.4
2025-04-05 15:00:00,14.3,6.4,65.4
2025-04-05 15:23:17,5.5,6.3,65.4
2025-04-05 15:34:21,5.3,6.7,65.4
2025-04-05 15:43:45,4.2,6.5,65.4
2025-04-05 15:52:58,4.3,6.3,65.4
2025-04-05 16:11:47,5.0,6.5,65.4
2025-04-05 16:35:12,3.7,6.5,65.4
2025-04-05 16:47:16,5.3,6.6,65.4
2025-04-05 16:56:32,5.2,6.4,65.4
2025-04-05 17:14:16,7.0,6.6,65.4
2025-04-05 17:30:03,5.8,6.5,65.4
2025-04-05 17:40:46,5.2,6.6,65.4
2025-04-05 17:50:00,6.0,6.5,65.4
2025-04-05 17:59:00,5.3,7.3,65.4
2025-04-05 18:29:30,3.5,7.3,65.4
2025-04-05 18:43:51,5.2,6.3,65.4
2025-04-05 18:52:47,6.5,6.7,65.4
2025-04-05 19:07:31,10.8,6.6,65.4
2025-04-05 19:21:08,5.0,6.4,65.4
2025-04-05 19:30:33,4.7,7.4,65.4
2025-04-05 19:39:29,4.8,6.3,65.4
2025-04-05 19:48:40,3.3,6.5,65.4
2025-04-05 19:57:35,6.7,6.7,65.4
2025-04-05 20:20:16,5.3,6.7,65.4
2025-04-05 20:32:10,5.0,7.6,65.4
2025-04-05 20:41:45,5.0,6.6,65.4
2025-04-05 20:51:09,5.2,6.4,65.4
2025-04-05 21:00:03,6.2,6.4,65.4
2025-04-05 21:22:28,2.5,6.3,65.4
2025-04-05 21:32:03,4.3,6.6,65.4
2025-04-05 21:41:08,4.8,6.4,65.4
2025-04-05 21:50:29,5.2,6.6,65.4
2025-04-05 21:59:36,6.2,6.7,65.4
2025-04-05 22:23:33,5.3,6.2,65.4
2025-04-05 22:37:17,4.0,6.6,65.4
2025-04-05 22:46:36,5.0,6.3,65.4
2025-04-05 22:55:39,5.3,6.7,65.4
2025-04-05 23:16:17,5.2,6.2,65.4
2025-04-05 23:30:32,5.8,6.3,65.4
2025-04-05 23:40:29,5.2,6.6,65.4
2025-04-05 23:49:30,5.5,6.5,65.4
2025-04-05 23:58:28,6.8,6.4,65.4
2025-04-06 01:56:04,5.8,6.6,65.4
2025-04-06 03:02:37,3.8,6.4,65.4
2025-04-06 03:37:21,4.8,6.6,65.4
2025-04-06 03:51:52,3.2,6.8,65.4
2025-04-06 04:10:11,5.2,6.6,65.4
2025-04-06 04:35:15,4.8,6.4,65.4
2025-04-06 04:50:25,5.0,6.7,65.4
2025-04-06 04:59:21,6.8,6.7,65.4
2025-04-06 05:23:20,5.0,7.1,65.4
2025-04-06 05:36:50,4.5,6.5,65.4
2025-04-06 05:46:01,5.5,7.5,65.4
2025-04-06 05:55:23,5.3,6.6,65.4
2025-04-06 06:21:51,3.5,6.5,65.4
2025-04-06 06:43:54,5.2,6.4,65.4
2025-04-06 06:54:05,5.0,6.7,65.4
2025-04-06 07:11:48,6.3,6.6,65.4
2025-04-06 07:26:32,5.5,6.8,65.4
2025-04-06 07:36:16,5.0,6.3,65.4
2025-04-06 07:45:14,6.5,6.7,65.4
2025-04-06 07:54:29,5.5,6.4,65.4
2025-04-06 08:16:23,5.0,6.8,65.4
2025-04-06 08:36:52,5.0,6.7,65.4
2025-04-06 08:48:20,4.5,6.4,65.4
2025-04-06 08:57:21,4.8,6.6,65.4
2025-04-06 09:18:56,5.3,6.7,65.4
2025-04-06 09:31:41,3.2,6.5,65.4
2025-04-06 09:41:00,5.3,6.6,65.4
2025-04-06 09:50:11,5.0,6.5,65.4
2025-04-06 09:59:11,5.0,6.4,65.4
2025-04-06 10:25:02,5.3,6.4,65.4
2025-04-06 10:39:35,5.8,8.0,65.4
2025-04-06 10:48:42,3.8,6.5,65.4
2025-04-06 10:57:40,4.5,6.4,65.4
2025-04-06 11:16:00,6.2,6.4,65.4
2025-04-06 11:26:23,6.5,6.6,65.4
2025-04-06 11:36:49,5.5,6.6,65.4
2025-04-06 11:45:56,4.8,6.5,65.4
2025-04-06 11:54:48,5.5,6.3,65.4
2025-04-06 12:26:25,5.3,6.5,65.4
2025-04-06 12:57:20,6.3,6.4,65.4
2025-04-06 13:24:45,6.0,6.8,65.4
2025-04-06 13:38:19,6.3,6.7,65.4
2025-04-06 13:47:05,6.0,6.4,65.4
2025-04-06 13:56:10,5.5,6.6,65.4
2025-04-06 14:15:11,5.0,6.6,65.4
2025-04-06 14:31:38,5.0,6.4,65.4
2025-04-06 14:41:34,5.3,6.2,65.4
2025-04-06 14:50:31,3.8,6.7,65.4
2025-04-06 14:59:45,5.8,6.5,65.4
2025-04-06 15:23:09,5.2,6.6,65.4
2025-04-06 15:34:26,5.5,6.4,65.4
2025-04-06 15:43:25,5.0,6.3,65.4
2025-04-06 15:52:49,6.0,6.6,65.4
2025-04-06 16:11:32,4.7,6.7,65.4
2025-04-06 16:34:15,5.2,6.4,65.4
2025-04-06 16:46:41,7.8,6.5,65.4
2025-04-06 16:56:05,4.8,7.2,65.4
2025-04-06 17:13:53,2.5,6.3,65.4
2025-04-06 17:29:24,5.0,6.6,65.4
2025-04-06 17:40:41,5.5,6.4,65.4
2025-04-06 17:49:47,4.8,6.4,65.4
2025-04-06 17:58:42,7.8,6.5,65.4
2025-04-06 18:29:16,5.0,6.5,65.4
2025-04-06 18:44:49,3.5,6.6,65.4
2025-04-06 18:54:06,5.2,6.5,65.4
2025-04-06 19:09:53,3.8,6.7,65.4
2025-04-06 19:22:04,4.7,6.4,65.4
2025-04-06 19:31:30,5.0,6.3,65.4
2025-04-06 19:40:38,5.0,6.7,65.4
2025-04-06 19:49:51,5.3,6.4,65.4
2025-04-06 19:58:50,5.0,6.6,65.4
2025-04-06 20:23:34,5.0,6.8,65.4
2025-04-06 20:36:03,5.0,6.5,65.4
2025-04-06 20:45:03,5.2,7.7,65.4
2025-04-06 20:54:22,5.3,6.4,65.4
2025-04-06 21:12:17,8.2,6.5,65.4
2025-04-06 21:27:07,4.5,6.6,65.4
2025-04-06 21:37:52,5.3,6.3,65.4
2025-04-06 21:47:01,5.2,6.4,65.4
2025-04-06 21:55:57,5.0,8.0,65.4
2025-04-06 22:15:21,4.3,6.5,65.4
2025-04-06 22:32:35,5.3,6.6,65.4
2025-04-06 22:42:54,5.3,6.5,65.4
2025-04-06 22:52:10,4.3,6.6,65.4
2025-04-06 23:08:02,5.0,6.4,65.4
2025-04-06 23:25:09,8.3,6.7,65.4
2025-04-06 23:35:22,6.0,6.8,65.4
2025-04-06 23:44:38,4.8,6.8,65.4
2025-04-06 23:54:02,5.0,7.1,65.4
2025-04-07 01:05:10,10.3,6.5,65.4
2025-04-07 02:42:29,5.3,6.5,65.4
2025-04-07 03:26:00,4.8,6.4,65.4
2025-04-07 03:48:39,4.5,6.6,65.4
2025-04-07 03:57:50,6.0,6.7,65.4
2025-04-07 04:26:08,5.3,6.3,65.4
2025-04-07 04:43:03,5.3,6.6,65.4
2025-04-07 04:52:28,5.5,6.3,65.4
2025-04-07 05:10:49,4.8,6.6,65.4
2025-04-07 05:32:30,6.5,6.4,65.4
2025-04-07 05:44:22,9.3,6.4,65.4
2025-04-07 05:53:38,5.0,6.4,65.4
2025-04-07 06:18:47,6.3,6.3,65.4
2025-04-07 06:44:32,3.8,6.5,65.4
2025-04-07 06:55:33,5.0,6.3,65.4
2025-04-07 07:17:12,6.0,6.6,65.4
2025-04-07 07:32:23,5.2,6.4,65.4
2025-04-07 07:42:54,4.3,6.3,65.4
2025-04-07 07:52:17,4.0,6.6,65.4
2025-04-07 08:14:06,5.3,7.5,65.4
2025-04-07 08:40:39,5.5,6.4,65.4
2025-04-07 08:53:58,5.0,6.4,65.4
2025-04-07 09:15:05,5.0,6.5,65.4
2025-04-07 09:33:46,5.3,6.6,65.4
2025-04-07 09:45:14,5.0,6.5,65.4
2025-04-07 09:54:09,5.0,6.4,65.4
2025-04-07 10:15:32,5.5,6.6,65.4
2025-04-07 10:39:54,5.2,6.5,65.4
2025-04-07 10:50:45,5.0,6.6,65.4
2025-04-07 11:00:03,4.3,6.6,65.4
2025-04-07 11:21:17,4.0,6.4,65.4
2025-04-07 11:30:37,4.0,6.5,65.4
2025-04-07 11:40:12,4.3,6.6,65.4
2025-04-07 11:49:30,5.7,6.3,65.4
2025-04-07 11:58:25,8.5,6.4,65.4
2025-04-07 12:48:17,5.2,6.6,65.4
2025-04-07 13:18:57,5.0,6.5,65.4
2025-04-07 13:41:42,4.7,6.4,65.4
2025-04-07 13:51:19,6.0,6.7,65.4
2025-04-07 14:00:35,4.8,7.2,65.4
2025-04-07 14:26:41,5.3,6.5,65.4
2025-04-07 14:43:33,5.2,6.5,65.4
2025-04-07 14:52:47,5.5,6.5,65.4
2025-04-07 15:11:13,6.7,6.5,65.4
2025-04-07 15:32:01,3.8,6.5,65.4
2025-04-07 15:44:26,5.5,6.2,65.4
2025-04-07 15:54:14,4.0,6.6,65.4
2025-04-07 16:15:31,5.5,6.6,65.4
2025-04-07 16:41:26,2.0,6.6,65.4
2025-04-07 16:53:15,4.3,6.7,65.4
2025-04-07 17:10:51,5.0,6.4,65.4
2025-04-07 17:30:07,4.5,6.6,65.4
2025-04-07 17:41:44,5.5,6.5,65.4
2025-04-07 17:50:49,5.2,6.5,65.4
2025-04-07 17:59:58,5.2,6.6,65.4
2025-04-07 18:34:16,5.2,6.8,65.4
2025-04-07 18:48:25,4.0,6.6,65.4
2025-04-07 18:57:49,6.0,7.5,65.4
2025-04-07 19:17:08,5.0,6.6,65.4
2025-04-07 19:27:01,4.5,6.7,66.2
2025-04-07 19:37:53,8.5,6.5,65.4
2025-04-07 19:47:13,7.8,6.6,65.4
2025-04-07 19:56:26,5.7,6.6,65.4
2025-04-07 20:20:10,4.0,6.5,65.4
2025-04-07 20:36:20,6.5,6.5,66.2
2025-04-07 20:45:58,4.2,6.6,65.4
2025-04-07 20:55:02,5.0,6.6,65.4
2025-04-07 21:14:33,5.0,6.5,65.4
2025-04-07 21:30:50,5.5,6.4,65.4
2025-04-07 21:42:14,6.0,6.4,66.2
2025-04-07 21:51:30,3.2,6.3,65.4
2025-04-07 22:00:48,5.7,6.3,65.4
2025-04-07 22:25:42,4.8,6.4,66.2
2025-04-07 22:40:09,4.5,6.4,65.4
2025-04-07 22:49:17,5.5,6.6,65.4
2025-04-07 22:58:32,6.5,6.6,65.4
2025-04-07 23:22:22,5.0,6.7,65.4
2025-04-07 23:34:57,5.0,6.5,65.4
2025-04-07 23:44:03,4.5,6.4,65.4
2025-04-07 23:53:19,4.5,6.3,65.4
2025-04-08 00:55:54,5.2,6.4,65.4
2025-04-08 02:24:36,8.8,6.9,65.4
2025-04-08 03:11:42,5.5,6.7,65.4
2025-04-08 03:43:22,6.2,6.5,65.4
2025-04-08 03:55:24,5.3,6.5,65.4
2025-04-08 04:19:17,5.3,6.4,65.4
2025-04-08 04:40:05,4.8,6.5,65.4
2025-04-08 04:52:21,5.2,6.3,65.4
2025-04-08 05:10:11,5.5,6.9,65.4
2025-04-08 05:32:00,6.0,6.4,65.4
2025-04-08 05:43:43,5.7,6.5,65.4
2025-04-08 05:52:51,5.0,6.9,65.4
2025-04-08 06:15:47,5.5,6.3,65.4
2025-04-08 06:43:08,3.7,6.4,65.4
2025-04-08 06:54:18,4.3,6.4,65.4
2025-04-08 07:14:04,5.5,6.2,65.4
2025-04-08 07:29:59,5.5,6.4,65.4
2025-04-08 07:41:06,4.0,6.4,65.4
2025-04-08 07:50:14,6.0,6.3,65.4
2025-04-08 07:59:20,5.2,6.5,65.4
2025-04-08 08:33:17,5.3,6.6,65.4
2025-04-08 08:50:22,5.5,6.4,65.4
2025-04-08 08:59:37,4.0,6.7,65.4
2025-04-08 09:27:42,3.7,6.6,65.4
2025-04-08 09:41:40,4.2,6.5,65.4
2025-04-08 09:50:53,4.8,6.4,65.4
2025-04-08 09:59:57,5.2,6.6,65.4
2025-04-08 10:28:28,5.0,6.6,65.4
2025-04-08 10:45:33,3.0,6.2,65.4
2025-04-08 10:54:45,5.8,6.6,66.2
2025-04-08 11:12:26,5.5,6.5,65.4
2025-04-08 11:26:49,6.0,6.3,66.2
2025-04-08 11:37:22,4.2,6.4,65.4
2025-04-08 11:46:38,5.8,7.7,65.4
2025-04-08 11:55:54,5.0,6.8,65.4
2025-04-08 12:35:17,5.7,6.6,65.4
2025-04-08 13:07:27,3.5,6.4,66.2
2025-04-08 13:36:45,5.3,6.5,66.2
2025-04-08 13:48:36,4.0,6.3,65.4
2025-04-08 13:57:31,6.2,6.3,66.2
2025-04-08 14:21:15,5.0,6.5,66.2
2025-04-08 14:40:56,5.8,6.7,66.2
2025-04-08 14:51:32,7.2,6.6,65.4
2025-04-08 15:08:38,5.3,6.5,65.4
2025-04-08 15:32:06,5.2,6.3,65.4
2025-04-08 15:45:30,6.5,6.6,65.4
2025-04-08 15:54:38,5.7,6.5,65.4
2025-04-08 16:18:32,6.0,6.5,65.4
2025-04-08 16:42:58,5.7,6.4,65.4
2025-04-08 16:55:17,4.3,6.5,65.4
2025-04-08 17:14:23,5.3,6.6,65.4
2025-04-08 17:32:39,4.3,6.5,65.4
2025-04-08 17:43:20,5.5,6.3,65.4
2025-04-08 17:52:42,5.5,6.6,65.4
2025-04-08 18:14:01,4.7,6.9,65.4
2025-04-08 18:41:55,6.5,6.5,65.4
2025-04-08 18:53:40,5.3,7.0,65.4
2025-04-08 19:10:52,5.8,6.6,65.4
2025-04-08 19:25:07,6.2,6.4,65.4
2025-04-08 19:36:12,4.5,6.4,65.4
2025-04-08 19:45:12,9.0,6.4,65.4
2025-04-08 19:54:30,5.2,6.4,65.4
2025-04-08 20:15:30,5.5,6.5,65.4
2025-04-08 20:33:52,5.8,6.5,65.4
2025-04-08 20:45:24,2.7,6.6,65.4
2025-04-08 20:54:29,5.8,6.4,65.4
2025-04-08 21:13:21,10.2,6.4,65.4
2025-04-08 21:29:34,5.0,6.5,65.4
2025-04-08 21:41:12,5.5,6.5,65.4
2025-04-08 21:50:06,6.5,6.4,65.4
2025-04-08 21:59:22,6.5,6.6,65.4
2025-04-08 22:23:59,5.0,6.6,65.4
2025-04-08 22:39:11,5.5,6.7,65.4
2025-04-08 22:48:15,5.3,6.3,65.4
2025-04-08 22:57:13,12.6,6.4,65.4
2025-04-08 23:18:57,5.3,6.5,65.4
2025-04-08 23:31:16,5.5,6.5,65.4
2025-04-08 23:41:28,3.5,6.6,65.4
2025-04-08 23:50:25,6.0,6.5,65.4
2025-04-08 23:59:44,5.5,6.5,65.4
2025-04-09 01:58:31,6.5,6.4,65.4
2025-04-09 03:03:56,4.8,6.6,65.4
2025-04-09 03:38:16,5.5,6.3,65.4
2025-04-09 03:53:16,5.0,6.6,65.4
2025-04-09 04:14:14,3.7,6.7,65.4
2025-04-09 04:36:43,3.3,6.6,65.4
2025-04-09 04:50:13,8.8,6.5,65.4
2025-04-09 04:59:40,5.0,6.7,65.4
2025-04-09 05:25:14,4.2,6.5,65.4
2025-04-09 05:40:06,5.2,6.5,65.4
2025-04-09 05:49:40,4.2,6.8,65.4
2025-04-09 05:58:41,5.0,6.3,66.2
2025-04-09 06:34:04,5.5,6.3,65.4
2025-04-09 06:50:59,5.3,6.4,65.4
2025-04-09 06:59:58,5.3,6.5,65.4
2025-04-09 07:25:16,5.0,6.4,65.4
2025-04-09 07:37:31,5.7,6.8,65.4
2025-04-09 07:46:45,3.7,6.7,65.4
2025-04-09 07:55:57,6.5,6.5,65.4
2025-04-09 08:25:18,6.0,6.6,65.4
2025-04-09 08:47:10,5.3,6.5,65.4
2025-04-09 08:57:51,5.7,6.5,65.4
2025-04-09 09:24:40,4.0,6.3,66.2
2025-04-09 09:40:24,5.0,7.7,65.4
2025-04-09 09:49:44,5.3,6.6,66.2
2025-04-09 09:59:02,6.8,6.5,65.4
2025-04-09 10:29:00,5.0,6.3,65.4
2025-04-09 10:48:15,4.7,6.6,65.4
2025-04-09 10:57:42,3.8,6.5,65.4
2025-04-09 11:17:51,5.5,6.6,65.4
2025-04-09 11:29:12,5.5,6.5,65.4
2025-04-09 11:39:31,5.0,6.5,65.4
2025-04-09 11:48:47,6.7,6.6,65.4
2025-04-09 11:57:54,6.5,6.4,65.4
2025-04-09 12:44:39,3.8,6.6,65.4
2025-04-09 13:18:06,5.2,6.5,66.2
2025-04-09 13:42:43,5.5,6.5,66.2
2025-04-09 13:55:44,5.3,6.3,66.2
2025-04-09 14:17:48,5.0,6.7,66.2
2025-04-09 14:41:06,5.0,6.5,66.2
2025-04-09 14:53:07,3.8,6.4,66.2
2025-04-09 15:13:49,5.5,6.5,66.2
2025-04-09 15:36:07,3.8,6.5,66.2
2025-04-09 15:48:46,5.2,6.5,66.2
2025-04-09 15:57:47,4.7,6.3,66.2
2025-04-09 16:27:58,7.3,6.7,66.2
2025-04-09 16:49:36,4.5,6.5,66.2
2025-04-09 16:58:36,5.0,6.6,66.2
2025-04-09 17:20:40,5.0,6.4,66.2
2025-04-09 17:36:57,5.2,6.5,66.2
2025-04-09 17:46:00,4.5,6.6,66.2
2025-04-09 17:54:57,5.7,6.5,66.2
2025-04-09 18:21:20,5.2,6.4,66.2
2025-04-09 18:43:33,4.7,6.5,66.2
2025-04-09 18:53:24,6.2,6.5,66.2
2025-04-09 19:10:12,5.8,6.2,66.2
2025-04-09 19:24:16,6.5,6.5,66.2
2025-04-09 19:35:05,4.8,6.5,66.2
2025-04-09 19:44:21,5.0,6.5,66.2
2025-04-09 19:53:37,6.0,6.5,66.2
2025-04-09 20:13:37,4.2,6.5,66.2
2025-04-09 20:32:55,3.7,6.4,66.2
2025-04-09 20:45:43,5.5,6.6,66.2
2025-04-09 20:54:59,5.5,6.5,66.2
2025-04-09 21:12:33,3.5,6.7,66.2
2025-04-09 21:27:00,4.5,6.3,66.2
2025-04-09 21:37:08,5.2,6.6,66.2
2025-04-09 21:46:08,5.0,6.4,66.2
2025-04-09 21:55:03,5.3,6.5,66.2
2025-04-09 22:14:28,3.8,6.4,66.2
2025-04-09 22:32:45,5.3,6.6,65.4
2025-04-09 22:43:19,6.5,6.6,66.2
2025-04-09 22:52:36,5.7,6.5,66.2
2025-04-09 23:09:38,5.5,6.7,65.4
2025-04-09 23:27:08,4.3,6.6,66.2
2025-04-09 23:38:12,5.5,7.4,66.2
2025-04-09 23:47:32,5.5,6.6,66.2
2025-04-09 23:56:47,4.8,6.7,66.2
2025-04-10 01:27:05,5.5,6.5,66.2
2025-04-10 02:48:24,6.5,6.7,66.2
2025-04-10 03:25:21,6.0,6.4,66.2
2025-04-10 03:48:41,5.0,6.6,66.2
2025-04-10 03:57:39,4.7,6.6,66.2
2025-04-10 04:25:29,5.3,6.6,66.2
2025-04-10 04:44:29,6.0,6.6,66.2
2025-04-10 04:53:57,4.5,6.6,66.2
2025-04-10 05:13:14,5.7,6.4,66.2
2025-04-10 05:33:09,5.0,6.5,66.2
2025-04-10 05:44:14,4.3,6.4,66.2
2025-04-10 05:53:23,6.2,6.6,66.2
2025-04-10 06:17:42,3.3,6.7,65.4
2025-04-10 06:43:24,5.5,6.6,66.2
2025-04-10 06:54:31,4.8,6.7,66.2
2025-04-10 07:14:39,5.0,6.5,66.2
2025-04-10 07:31:07,4.0,6.2,66.2
2025-04-10 07:42:33,7.0,6.4,66.2
2025-04-10 07:51:33,5.5,6.3,66.2
2025-04-10 08:11:37,4.7,6.4,66.2
2025-04-10 08:37:06,5.3,6.4,66.2
2025-04-10 08:51:53,5.0,6.4,66.2
2025-04-10 09:09:30,6.5,6.7,66.2
2025-04-10 09:30:40,5.5,6.6,66.2
2025-04-10 09:43:25,3.5,6.3,66.2
2025-04-10 09:52:48,4.2,6.4,66.2
2025-04-10 10:12:03,6.5,7.1,65.4
2025-04-10 10:35:43,6.5,6.6,66.2
2025-04-10 10:48:17,5.5,6.7,66.2
2025-04-10 10:57:12,6.3,6.6,66.2
2025-04-10 11:17:12,5.2,6.5,66.2
2025-04-10 11:29:02,4.2,6.8,66.2
2025-04-10 11:39:30,4.0,6.4,66.2
2025-04-10 11:48:56,5.8,6.3,66.2
2025-04-10 11:58:06,5.5,6.3,66.2
2025-04-10 12:45:57,6.7,6.6,66.2
2025-04-10 13:17:43,5.5,6.5,66.2
2025-04-10 13:41:11,5.8,6.6,66.2
2025-04-10 13:50:58,5.2,6.7,66.2
2025-04-10 14:00:06,5.7,6.6,66.2
2025-04-10 14:26:04,6.3,7.5,65.4
2025-04-10 14:41:43,6.7,6.5,66.2
2025-04-10 14:51:04,3.5,6.4,66.2
2025-04-10 15:00:17,4.0,6.7,66.2
2025-04-10 15:27:59,3.8,6.5,66.2
2025-04-10 15:41:57,3.5,6.4,66.2
2025-04-10 15:51:07,6.0,6.5,66.2
2025-04-10 16:00:13,5.5,6.6,66.2
2025-04-10 16:32:30,5.0,6.4,66.2
2025-04-10 16:50:55,5.0,6.3,66.2
2025-04-10 16:59:56,5.5,6.5,66.2
2025-04-10 17:22:50,5.3,6.5,66.2
2025-04-10 17:37:05,6.0,6.4,66.2
2025-04-10 17:46:24,7.0,6.4,66.2
2025-04-10 17:55:25,6.3,6.5,66.2
2025-04-10 18:21:05,6.5,6.4,66.2
2025-04-10 18:41:15,6.0,6.3,66.2
2025-04-10 18:52:08,11.8,6.7,66.2
2025-04-10 19:07:20,4.8,6.9,65.4
2025-04-10 19:20:59,5.3,6.5,66.2
2025-04-10 19:30:05,6.2,6.5,66.2
2025-04-10 19:39:51,4.0,6.3,66.2
2025-04-10 19:49:10,4.2,6.4,66.2
2025-04-10 19:58:34,4.8,6.5,66.2
2025-04-10 20:25:22,6.0,6.4,66.2
2025-04-10 20:39:08,9.7,6.4,66.2
2025-04-10 20:48:43,6.5,6.5,66.2
2025-04-10 20:57:37,5.3,6.5,66.2
2025-04-10 21:19:33,5.8,6.4,66.2
2025-04-10 21:31:17,14.5,6.5,66.2
2025-04-10 21:41:04,10.3,6.5,66.2
2025-04-10 21:50:15,6.5,6.5,66.2
2025-04-10 21:59:26,4.2,6.4,66.2
2025-04-10 22:25:37,5.3,6.3,66.2
2025-04-10 22:40:38,5.3,6.8,66.2
2025-04-10 22:49:52,6.3,6.4,66.2
2025-04-10 22:59:06,6.0,6.5,66.2
2025-04-10 23:24:20,5.5,6.7,66.2
2025-04-10 23:36:39,3.7,6.6,66.2
2025-04-10 23:45:47,4.3,7.4,65.4
2025-04-10 23:54:56,5.2,7.0,65.4
2025-04-11 01:11:50,5.5,6.3,66.2
2025-04-11 02:41:35,6.0,6.7,66.2
2025-04-11 03:23:54,4.3,6.4,66.2
2025-04-11 03:47:14,7.5,6.6,66.2
2025-04-11 03:56:38,4.5,6.5,66.2
2025-04-11 04:23:28,4.7,6.4,66.2
2025-04-11 04:42:02,5.0,6.6,66.2
2025-04-11 04:52:24,5.5,6.3,66.2
2025-04-11 05:10:36,6.5,6.6,66.2
2025-04-11 05:33:34,7.5,6.7,66.2
2025-04-11 05:47:06,4.8,6.6,66.2
2025-04-11 05:56:13,5.0,6.6,66.2
2025-04-11 06:26:03,6.2,6.5,66.2
2025-04-11 06:47:21,7.5,6.7,66.2
2025-04-11 06:56:42,5.0,6.3,66.2
2025-04-11 07:18:23,3.2,6.8,66.2
2025-04-11 07:30:52,4.5,6.6,66.2
2025-04-11 07:40:36,5.0,6.6,66.2
2025-04-11 07:49:56,5.3,6.3,66.2
2025-04-11 07:58:54,6.2,6.5,66.2
2025-04-11 08:31:27,5.2,6.5,66.2
2025-04-11 08:48:08,6.5,6.4,66.2
2025-04-11 08:57:20,4.5,6.6,66.2
2025-04-11 09:21:47,5.5,6.6,66.2
2025-04-11 09:36:55,5.0,6.5,66.2
2025-04-11 09:46:08,3.5,6.5,66.2
2025-04-11 09:55:03,5.0,6.3,66.2
2025-04-11 10:16:13,10.7,6.5,66.2
2025-04-11 10:38:45,5.0,6.4,66.2
2025-04-11 10:49:06,5.7,6.5,66.2
2025-04-11 10:58:11,6.0,6.1,66.2
2025-04-11 11:18:07,5.0,6.4,66.2
2025-04-11 11:28:52,5.0,6.5,66.2
2025-04-11 11:39:14,11.5,6.7,66.2
2025-04-11 11:48:25,3.8,6.3,66.2
2025-04-11 11:57:32,6.5,6.5,66.2
2025-04-11 12:41:19,6.5,6.6,66.2
2025-04-11 13:14:50,5.7,6.4,66.2
2025-04-11 13:40:15,4.5,6.6,66.2
2025-04-11 13:50:10,3.7,6.5,66.2
2025-04-11 13:59:16,4.8,6.7,66.2
2025-04-11 14:24:29,5.3,6.3,66.2
2025-04-11 14:40:50,3.5,6.4,66.2
2025-04-11 14:50:05,4.0,6.7,66.2
2025-04-11 14:59:01,5.8,6.6,66.2
2025-04-11 15:25:55,5.0,6.3,66.2
2025-04-11 15:39:41,6.0,6.6,66.2
2025-04-11 15:49:01,4.5,6.5,66.2
2025-04-11 15:58:12,8.7,6.3,66.2
2025-04-11 16:28:31,5.0,6.5,66.2
2025-04-11 16:47:43,12.5,6.6,66.2
2025-04-11 16:57:06,5.8,6.2,66.2
2025-04-11 17:17:31,5.5,6.5,66.2
2025-04-11 17:31:38,6.0,6.5,66.2
2025-04-11 17:43:31,4.5,6.6,66.2
2025-04-11 17:52:27,3.7,6.5,66.2
2025-04-11 18:13:55,9.5,6.5,66.2
2025-04-11 18:41:10,5.0,6.5,66.2
2025-04-11 18:52:33,5.2,6.6,66.2
2025-04-11 19:08:24,6.5,6.6,66.2
2025-04-11 19:23:24,5.5,6.5,66.2
2025-04-11 19:33:54,6.0,6.5,66.2
2025-04-11 19:42:52,6.0,6.5,66.2
2025-04-11 19:52:18,4.0,6.4,66.2
2025-04-11 20:10:42,3.8,6.7,66.2
2025-04-11 20:30:42,5.7,6.7,66.2
2025-04-11 20:43:04,5.0,6.4,66.2
2025-04-11 20:52:22,5.2,6.7,66.2
2025-04-11 21:09:00,5.3,6.6,66.2
2025-04-11 21:26:47,5.5,6.5,66.2
2025-04-11 21:37:28,5.5,6.5,66.2
2025-04-11 21:46:37,5.5,6.4,66.2
2025-04-11 21:56:01,4.5,6.5,66.2
2025-04-11 22:17:24,5.0,6.6,66.2
2025-04-11 22:36:33,5.0,6.4,66.2
2025-04-11 22:47:46,5.3,6.5,66.2
2025-04-11 22:56:43,5.5,6.4,66.2
2025-04-11 23:17:47,5.5,6.4,66.2
2025-04-11 23:30:44,5.5,6.6,66.2
2025-04-11 23:41:09,4.8,6.5,66.2
2025-04-11 23:50:08,6.2,6.6,66.2
2025-04-11 23:59:12,4.8,6.6,66.2
2025-04-12 01:55:24,6.5,6.4,66.2
2025-04-12 02:56:14,5.3,6.6,66.2
2025-04-12 03:29:58,7.0,6.2,66.2
2025-04-12 03:48:41,5.8,6.5,66.2
2025-04-12 03:57:42,5.5,6.3,66.2
2025-04-12 04:24:43,5.0,6.5,66.2
2025-04-12 04:41:41,4.7,6.6,66.2
2025-04-12 04:50:48,6.0,6.6,66.2
2025-04-12 04:59:47,7.0,6.6,66.2
2025-04-12 05:23:17,4.7,6.5,66.2
2025-04-12 05:36:40,5.0,6.6,66.2
2025-04-12 05:45:45,8.5,6.5,66.2
2025-04-12 05:54:57,4.7,6.5,66.2
2025-04-12 06:19:30,5.0,6.3,66.2
